sku;species;group;subgroup;name;quality;thickness;width;length;unit;supplier;purchasePrice;priceUnit;listed;note
2124124;Fichte;Kantholz;Kantholz Rauh;Schnittholz;I/IV;24;120;4000;Stk;Holztreff;465,00;EUR;false;Hintergrundartikel aus EK_Preise_01_2026_TS-SH_HO_PL_.pdf. Fichte Schnittholz sägerau
2124184;Fichte;Kantholz;Kantholz Rauh;Schnittholz;I/IV;24;180;4000;Stk;Holztreff;465,00;EUR;false;Hintergrundartikel aus EK_Preise_01_2026_TS-SH_HO_PL_.pdf. Fichte Schnittholz sägerau
213154;Fichte;Kantholz;Kantholz Rauh;Schnittholz;I/IV;30;150;4000;Stk;Holztreff;465,00;EUR;false;Hintergrundartikel aus EK_Preise_01_2026_TS-SH_HO_PL_.pdf. Fichte Schnittholz sägerau
2324124;Fichte;Kantholz;Kantholz Rauh;Schnittholz;III/IV;24;120;4000;Stk;Holztreff;315,00;EUR;false;Hintergrundartikel aus EK_Preise_01_2026_TS-SH_HO_PL_.pdf. Fichte Schnittholz sägerau
233154;Fichte;Kantholz;Kantholz Rauh;Schnittholz III/IV 30;;150;4,0;2000;Stk;Holztreff;315,00;EUR;false;Hintergrundartikel aus EK_Preise_01_2026_TS-SH_HO_PL_.pdf. Fichte Schnittholz sägerau
234154;Fichte;Kantholz;Kantholz Rauh;Schnittholz III/IV 40;;150;4,0;2000;Stk;Holztreff;315,00;EUR;false;Hintergrundartikel aus EK_Preise_01_2026_TS-SH_HO_PL_.pdf. Fichte Schnittholz sägerau
235164;Fichte;Kantholz;Kantholz Rauh;Schnittholz III/IV 50;;160;4,0;2000;Stk;Holztreff;315,00;EUR;false;Hintergrundartikel aus EK_Preise_01_2026_TS-SH_HO_PL_.pdf. Fichte Schnittholz sägerau
51144;Fichte;Kantholz;Kantholz Rauh;Schnittholz III/V 24;;170+;4,0;2000;Stk;Holztreff;270,00;EUR;false;Hintergrundartikel aus EK_Preise_01_2026_TS-SH_HO_PL_.pdf. Fichte Schnittholz sägerau
51143;Fichte;Kantholz;Kantholz Rauh;Schnittholz III/V 24;;170+;5,0;2000;Stk;Holztreff;270,00;EUR;false;Hintergrundartikel aus EK_Preise_01_2026_TS-SH_HO_PL_.pdf. Fichte Schnittholz sägerau
51145;Fichte;Kantholz;Kantholz Rauh;Schnittholz III/V 24 80 -;;160;3,0;2000;Stk;Holztreff;270,00;EUR;false;Hintergrundartikel aus EK_Preise_01_2026_TS-SH_HO_PL_.pdf. Fichte Schnittholz sägerau
51147;Fichte;Kantholz;Kantholz Rauh;Schnittholz III/V 24 80 -;;160;4,0;2000;Stk;Holztreff;270,00;EUR;false;Hintergrundartikel aus EK_Preise_01_2026_TS-SH_HO_PL_.pdf. Fichte Schnittholz sägerau
51146;Fichte;Kantholz;Kantholz Rauh;Schnittholz III/V 24 80 -;;160;5,0;2000;Stk;Holztreff;270,00;EUR;false;Hintergrundartikel aus EK_Preise_01_2026_TS-SH_HO_PL_.pdf. Fichte Schnittholz sägerau
21353;Fichte;Kantholz;Latten;Latten;I/IV;30;50;3000;Stk;Holztreff;380,00;EUR;false;Hintergrundartikel aus EK_Preise_01_2026_TS-SH_HO_PL_.pdf. Fichte Latten/Staffel sägerau
21354;Fichte;Kantholz;Latten;Latten;I/IV;30;50;4000;Stk;Holztreff;380,00;EUR;false;Hintergrundartikel aus EK_Preise_01_2026_TS-SH_HO_PL_.pdf. Fichte Latten/Staffel sägerau
21355;Fichte;Kantholz;Latten;Latten;I/IV;30;50;5000;Stk;Holztreff;380,00;EUR;false;Hintergrundartikel aus EK_Preise_01_2026_TS-SH_HO_PL_.pdf. Fichte Latten/Staffel sägerau
21453;Fichte;Kantholz;Latten;Latten;I/IV;40;50;3000;Stk;Holztreff;380,00;EUR;false;Hintergrundartikel aus EK_Preise_01_2026_TS-SH_HO_PL_.pdf. Fichte Latten/Staffel sägerau
21454;Fichte;Kantholz;Latten;Latten;I/IV;40;50;4000;Stk;Holztreff;380,00;EUR;false;Hintergrundartikel aus EK_Preise_01_2026_TS-SH_HO_PL_.pdf. Fichte Latten/Staffel sägerau
21455;Fichte;Kantholz;Latten;Latten;I/IV;40;50;5000;Stk;Holztreff;380,00;EUR;false;Hintergrundartikel aus EK_Preise_01_2026_TS-SH_HO_PL_.pdf. Fichte Latten/Staffel sägerau
21464;Fichte;Kantholz;Latten;Staffel;I/IV;40;60;4000;Stk;Holztreff;380,00;EUR;false;Hintergrundartikel aus EK_Preise_01_2026_TS-SH_HO_PL_.pdf. Fichte Latten/Staffel sägerau
21564;Fichte;Kantholz;Latten;Staffel;I/IV;50;60;4000;Stk;Holztreff;380,00;EUR;false;Hintergrundartikel aus EK_Preise_01_2026_TS-SH_HO_PL_.pdf. Fichte Latten/Staffel sägerau
21684;Fichte;Kantholz;Latten;Staffel;I/IV;60;80;4000;Stk;Holztreff;380,00;EUR;false;Hintergrundartikel aus EK_Preise_01_2026_TS-SH_HO_PL_.pdf. Fichte Latten/Staffel sägerau
21583;Fichte;Kantholz;Latten;Staffel;I/IV;50;80;3000;Stk;Holztreff;380,00;EUR;false;Hintergrundartikel aus EK_Preise_01_2026_TS-SH_HO_PL_.pdf. Fichte Latten/Staffel sägerau
21584;Fichte;Kantholz;Latten;Staffel;I/IV;50;80;4000;Stk;Holztreff;380,00;EUR;false;Hintergrundartikel aus EK_Preise_01_2026_TS-SH_HO_PL_.pdf. Fichte Latten/Staffel sägerau
21585;Fichte;Kantholz;Latten;Staffel;I/IV;50;80;5000;Stk;Holztreff;380,00;EUR;false;Hintergrundartikel aus EK_Preise_01_2026_TS-SH_HO_PL_.pdf. Fichte Latten/Staffel sägerau
215104;Fichte;Kantholz;Latten;Staffel;I/IV;50;100;4000;Stk;Holztreff;380,00;EUR;false;Hintergrundartikel aus EK_Preise_01_2026_TS-SH_HO_PL_.pdf. Fichte Latten/Staffel sägerau
21884;Fichte;Kantholz;Latten;Staffel;I/IV;80;80;4000;Stk;Holztreff;380,00;EUR;false;Hintergrundartikel aus EK_Preise_01_2026_TS-SH_HO_PL_.pdf. Fichte Latten/Staffel sägerau
218104;Fichte;Kantholz;Latten;Staffel;I/IV;80;100;4000;Stk;Holztreff;380,00;EUR;false;Hintergrundartikel aus EK_Preise_01_2026_TS-SH_HO_PL_.pdf. Fichte Latten/Staffel sägerau
215254;Fichte;Kantholz;Kantholz Rauh;Schnittholz;I/III;50;250;4000;Stk;Holztreff;400,00;EUR;false;Hintergrundartikel aus EK_Preise_01_2026_TS-SH_HO_PL_.pdf. Bauware sägerau, frisch
51135;Fichte;Kantholz;Kantholz Rauh;Bauware|cm IV/V 24 80 -;;160;4,0;2000;Stk;Holztreff;270,00;EUR;false;Hintergrundartikel aus EK_Preise_01_2026_TS-SH_HO_PL_.pdf. Bauware sägerau, frisch
51135;Fichte;Kantholz;Kantholz Rauh;Bauware|cm IV/V 30 80 -;;200;4,0;2000;Stk;Holztreff;270,00;EUR;false;Hintergrundartikel aus EK_Preise_01_2026_TS-SH_HO_PL_.pdf. Bauware sägerau, frisch
51135;Fichte;Kantholz;Kantholz Rauh;Bauware|cm IV/V 100 80 -;;100;4,0;2000;Stk;Holztreff;270,00;EUR;false;Hintergrundartikel aus EK_Preise_01_2026_TS-SH_HO_PL_.pdf. Bauware sägerau, frisch
51135;Fichte;Kantholz;Kantholz Rauh;Bauware|prismiert IV/V 24;;100;4,0;2000;Stk;Holztreff;270,00;EUR;false;Hintergrundartikel aus EK_Preise_01_2026_TS-SH_HO_PL_.pdf. Bauware sägerau, frisch
51135;Fichte;Kantholz;Kantholz Rauh;Bauware|prismiert IV/V 24;;150;4,0;2000;Stk;Holztreff;270,00;EUR;false;Hintergrundartikel aus EK_Preise_01_2026_TS-SH_HO_PL_.pdf. Bauware sägerau, frisch
51135;Fichte;Kantholz;Kantholz Rauh;Bauware|prismiert IV/V 30;;150;4,0;2000;Stk;Holztreff;270,00;EUR;false;Hintergrundartikel aus EK_Preise_01_2026_TS-SH_HO_PL_.pdf. Bauware sägerau, frisch
51135;Fichte;Kantholz;Kantholz Rauh;Bauware|prismiert IV/V 30;;200;4,0;2000;Stk;Holztreff;270,00;EUR;false;Hintergrundartikel aus EK_Preise_01_2026_TS-SH_HO_PL_.pdf. Bauware sägerau, frisch
51135;Fichte;Kantholz;Kantholz Rauh;Bauware|prismiert IV/V 50;;200;4,0;2000;Stk;Holztreff;270,00;EUR;false;Hintergrundartikel aus EK_Preise_01_2026_TS-SH_HO_PL_.pdf. Bauware sägerau, frisch
51135;Fichte;Kantholz;Kantholz Rauh;Bauware|prismiert IV/V 50;;250;4,0;2000;Stk;Holztreff;270,00;EUR;false;Hintergrundartikel aus EK_Preise_01_2026_TS-SH_HO_PL_.pdf. Bauware sägerau, frisch
23584;Fichte;Kantholz;Kantholz Rauh;Bauware, Staffel IV/V 50;;80;4,0;2000;Stk;Holztreff;300,00;EUR;false;Hintergrundartikel aus EK_Preise_01_2026_TS-SH_HO_PL_.pdf. Bauware sägerau, frisch
21351;Fichte;Kantholz;Kantholz Rauh;Trassierpflöcke I/IV 30;;50;0,8;500;Stk;Holztreff;515,00;EUR;false;Hintergrundartikel aus EK_Preise_01_2026_TS-SH_HO_PL_.pdf. Bauware sägerau, frisch
21351;Fichte;Kantholz;Kantholz Rauh;Trassierpflöcke I/IV 30;;50;1,0;500;Stk;Holztreff;515,00;EUR;false;Hintergrundartikel aus EK_Preise_01_2026_TS-SH_HO_PL_.pdf. Bauware sägerau, frisch
61215;Fichte;Kantholz;Schalung;Schalungsbrett geh. IV/V 27;;200;4,0;2000;Stk;Holztreff;11,95;EUR;false;Hintergrundartikel aus EK_Preise_01_2026_TS-SH_HO_PL_.pdf. Bauware sägerau, frisch
3124124;Sonstiges;Kantholz;Kantholz Rauh;Lä Schnittholz;I/III;24;120;4000;Stk;Holztreff;795,00;EUR;false;Hintergrundartikel aus EK_Preise_01_2026_TS-SH_HO_PL_.pdf. Heimische Lärche Schnittholz sägerau
3124154;Sonstiges;Kantholz;Kantholz Rauh;Lä Schnittholz;I/III;24;150;4000;Stk;Holztreff;795,00;EUR;false;Hintergrundartikel aus EK_Preise_01_2026_TS-SH_HO_PL_.pdf. Heimische Lärche Schnittholz sägerau
3124204;Sonstiges;Kantholz;Kantholz Rauh;Lä Schnittholz;I/III;24;200;4000;Stk;Holztreff;795,00;EUR;false;Hintergrundartikel aus EK_Preise_01_2026_TS-SH_HO_PL_.pdf. Heimische Lärche Schnittholz sägerau
315204;Sonstiges;Kantholz;Kantholz Rauh;Lä Schnittholz;I/III;50;200;4000;Stk;Holztreff;795,00;EUR;false;Hintergrundartikel aus EK_Preise_01_2026_TS-SH_HO_PL_.pdf. Heimische Lärche Schnittholz sägerau
3324154;Sonstiges;Kantholz;Kantholz Rauh;Lä Schnittholz;III/IV;24;150;4000;Stk;Holztreff;465,00;EUR;false;Hintergrundartikel aus EK_Preise_01_2026_TS-SH_HO_PL_.pdf. Heimische Lärche Schnittholz sägerau
335204;Sonstiges;Kantholz;Kantholz Rauh;Lä Schnittholz;III/IV;50;200;4000;Stk;Holztreff;465,00;EUR;false;Hintergrundartikel aus EK_Preise_01_2026_TS-SH_HO_PL_.pdf. Heimische Lärche Schnittholz sägerau
52144;Laerche;Kantholz;Kantholz Rauh;Lä Schnittholz III/V 24;;170+;4,0;2000;Stk;Holztreff;325,00;EUR;false;Hintergrundartikel aus EK_Preise_01_2026_TS-SH_HO_PL_.pdf. Heimische Lärche Schnittholz sägerau
52147;Laerche;Kantholz;Kantholz Rauh;Lä Schnittholz III/V 24 80 - 160;;3,0;4,0;2000;Stk;Holztreff;270,00;EUR;false;Hintergrundartikel aus EK_Preise_01_2026_TS-SH_HO_PL_.pdf. Heimische Lärche Schnittholz sägerau
52146;Laerche;Kantholz;Kantholz Rauh;Lä Schnittholz III/V 24;;80+;5,0;2000;Stk;Holztreff;270,00;EUR;false;Hintergrundartikel aus EK_Preise_01_2026_TS-SH_HO_PL_.pdf. Heimische Lärche Schnittholz sägerau
52147;Laerche;Kantholz;Kantholz Rauh;Lä Seitenware prism. III/V 24 100|120|150|200;;3,0;4,0;2000;Stk;Holztreff;345,00;EUR;false;Hintergrundartikel aus EK_Preise_01_2026_TS-SH_HO_PL_.pdf. Heimische Lärche Schnittholz sägerau
312453;Sonstiges;Kantholz;Latten;Lä Latten;I/III;24;50;3000;Stk;Holztreff;855,00;EUR;false;Hintergrundartikel aus EK_Preise_01_2026_TS-SH_HO_PL_.pdf. Heimische Lärche, Latten/Staffel sägerau
312454;Sonstiges;Kantholz;Latten;Lä Latten;I/III;24;50;4000;Stk;Holztreff;855,00;EUR;false;Hintergrundartikel aus EK_Preise_01_2026_TS-SH_HO_PL_.pdf. Heimische Lärche, Latten/Staffel sägerau
312455;Sonstiges;Kantholz;Latten;Lä Latten;I/III;24;50;5000;Stk;Holztreff;855,00;EUR;false;Hintergrundartikel aus EK_Preise_01_2026_TS-SH_HO_PL_.pdf. Heimische Lärche, Latten/Staffel sägerau
31353;Sonstiges;Kantholz;Latten;Lä Latten;I/III;30;50;3000;Stk;Holztreff;855,00;EUR;false;Hintergrundartikel aus EK_Preise_01_2026_TS-SH_HO_PL_.pdf. Heimische Lärche, Latten/Staffel sägerau
31354;Sonstiges;Kantholz;Latten;Lä Latten;I/III;30;50;4000;Stk;Holztreff;855,00;EUR;false;Hintergrundartikel aus EK_Preise_01_2026_TS-SH_HO_PL_.pdf. Heimische Lärche, Latten/Staffel sägerau
31355;Sonstiges;Kantholz;Latten;Lä Latten;I/III;30;50;5000;Stk;Holztreff;855,00;EUR;false;Hintergrundartikel aus EK_Preise_01_2026_TS-SH_HO_PL_.pdf. Heimische Lärche, Latten/Staffel sägerau
31453;Sonstiges;Kantholz;Latten;Lä Latten;I/III;40;50;3000;Stk;Holztreff;855,00;EUR;false;Hintergrundartikel aus EK_Preise_01_2026_TS-SH_HO_PL_.pdf. Heimische Lärche, Latten/Staffel sägerau
31454;Sonstiges;Kantholz;Latten;Lä Latten;I/III;40;50;4000;Stk;Holztreff;855,00;EUR;false;Hintergrundartikel aus EK_Preise_01_2026_TS-SH_HO_PL_.pdf. Heimische Lärche, Latten/Staffel sägerau
31455;Sonstiges;Kantholz;Latten;Lä Latten;I/III;40;50;5000;Stk;Holztreff;855,00;EUR;false;Hintergrundartikel aus EK_Preise_01_2026_TS-SH_HO_PL_.pdf. Heimische Lärche, Latten/Staffel sägerau
31553;Sonstiges;Kantholz;Latten;Lä Latten;I/III;50;50;3000;Stk;Holztreff;855,00;EUR;false;Hintergrundartikel aus EK_Preise_01_2026_TS-SH_HO_PL_.pdf. Heimische Lärche, Latten/Staffel sägerau
31554;Sonstiges;Kantholz;Latten;Lä Latten;I/III;50;50;4000;Stk;Holztreff;855,00;EUR;false;Hintergrundartikel aus EK_Preise_01_2026_TS-SH_HO_PL_.pdf. Heimische Lärche, Latten/Staffel sägerau
31555;Sonstiges;Kantholz;Latten;Lä Latten;I/III;50;50;5000;Stk;Holztreff;855,00;EUR;false;Hintergrundartikel aus EK_Preise_01_2026_TS-SH_HO_PL_.pdf. Heimische Lärche, Latten/Staffel sägerau
31563;Sonstiges;Kantholz;Latten;Lä Latten;I/III;50;60;3000;Stk;Holztreff;855,00;EUR;false;Hintergrundartikel aus EK_Preise_01_2026_TS-SH_HO_PL_.pdf. Heimische Lärche, Latten/Staffel sägerau
31564;Sonstiges;Kantholz;Latten;Lä Latten;I/III;50;60;4000;Stk;Holztreff;855,00;EUR;false;Hintergrundartikel aus EK_Preise_01_2026_TS-SH_HO_PL_.pdf. Heimische Lärche, Latten/Staffel sägerau
31565;Sonstiges;Kantholz;Latten;Lä Latten;I/III;50;60;5000;Stk;Holztreff;855,00;EUR;false;Hintergrundartikel aus EK_Preise_01_2026_TS-SH_HO_PL_.pdf. Heimische Lärche, Latten/Staffel sägerau
31583;Sonstiges;Kantholz;Latten;Lä Staffel;I/III;50;80;3000;Stk;Holztreff;855,00;EUR;false;Hintergrundartikel aus EK_Preise_01_2026_TS-SH_HO_PL_.pdf. Heimische Lärche, Latten/Staffel sägerau
31584;Sonstiges;Kantholz;Latten;Lä Staffel;I/III;50;80;4000;Stk;Holztreff;855,00;EUR;false;Hintergrundartikel aus EK_Preise_01_2026_TS-SH_HO_PL_.pdf. Heimische Lärche, Latten/Staffel sägerau
31585;Sonstiges;Kantholz;Latten;Lä Staffel;I/III;50;80;5000;Stk;Holztreff;855,00;EUR;false;Hintergrundartikel aus EK_Preise_01_2026_TS-SH_HO_PL_.pdf. Heimische Lärche, Latten/Staffel sägerau
31883;Sonstiges;Kantholz;Latten;Lä Staffel;I/III;80;80;3000;Stk;Holztreff;795,00;EUR;false;Hintergrundartikel aus EK_Preise_01_2026_TS-SH_HO_PL_.pdf. Heimische Lärche, Latten/Staffel sägerau
31884;Sonstiges;Kantholz;Latten;Lä Staffel;I/III;80;80;4000;Stk;Holztreff;795,00;EUR;false;Hintergrundartikel aus EK_Preise_01_2026_TS-SH_HO_PL_.pdf. Heimische Lärche, Latten/Staffel sägerau
31885;Sonstiges;Kantholz;Latten;Lä Staffel;I/III;80;80;5000;Stk;Holztreff;795,00;EUR;false;Hintergrundartikel aus EK_Preise_01_2026_TS-SH_HO_PL_.pdf. Heimische Lärche, Latten/Staffel sägerau
338103;Sonstiges;Kantholz;Latten;Lä Staffel;I/III;80;100;3000;Stk;Holztreff;795,00;EUR;false;Hintergrundartikel aus EK_Preise_01_2026_TS-SH_HO_PL_.pdf. Heimische Lärche, Latten/Staffel sägerau
338104;Sonstiges;Kantholz;Latten;Lä Staffel;I/III;80;100;4000;Stk;Holztreff;795,00;EUR;false;Hintergrundartikel aus EK_Preise_01_2026_TS-SH_HO_PL_.pdf. Heimische Lärche, Latten/Staffel sägerau
338105;Sonstiges;Kantholz;Latten;Lä Staffel;I/III;80;100;5000;Stk;Holztreff;795,00;EUR;false;Hintergrundartikel aus EK_Preise_01_2026_TS-SH_HO_PL_.pdf. Heimische Lärche, Latten/Staffel sägerau
31110103;Sonstiges;Kantholz;Latten;Lä Staffel;I/III;100;100;3000;Stk;Holztreff;795,00;EUR;false;Hintergrundartikel aus EK_Preise_01_2026_TS-SH_HO_PL_.pdf. Heimische Lärche, Latten/Staffel sägerau
31101040;Sonstiges;Kantholz;Latten;Lä Staffel;I/III;100;100;4000;Stk;Holztreff;795,00;EUR;false;Hintergrundartikel aus EK_Preise_01_2026_TS-SH_HO_PL_.pdf. Heimische Lärche, Latten/Staffel sägerau
31101050;Sonstiges;Kantholz;Latten;Lä Staffel;I/III;100;100;5000;Stk;Holztreff;795,00;EUR;false;Hintergrundartikel aus EK_Preise_01_2026_TS-SH_HO_PL_.pdf. Heimische Lärche, Latten/Staffel sägerau
2110163;Fichte;Kantholz;Kantholz Rauh;Kantholz;I/III;100;160;3000;Stk;Holztreff;360,00;EUR;false;Hintergrundartikel aus EK_Preise_01_2026_TS-SH_HO_PL_.pdf. Fichte Kantholz - Lagerware sägerau
2110164;Fichte;Kantholz;Kantholz Rauh;Kantholz;I/III;100;160;4000;Stk;Holztreff;360,00;EUR;false;Hintergrundartikel aus EK_Preise_01_2026_TS-SH_HO_PL_.pdf. Fichte Kantholz - Lagerware sägerau
2110165;Fichte;Kantholz;Kantholz Rauh;Kantholz;I/III;100;160;5000;Stk;Holztreff;360,00;EUR;false;Hintergrundartikel aus EK_Preise_01_2026_TS-SH_HO_PL_.pdf. Fichte Kantholz - Lagerware sägerau
2110166;Fichte;Kantholz;Kantholz Rauh;Kantholz;I/III;100;160;6000;Stk;Holztreff;360,00;EUR;false;Hintergrundartikel aus EK_Preise_01_2026_TS-SH_HO_PL_.pdf. Fichte Kantholz - Lagerware sägerau
2110167;Fichte;Kantholz;Kantholz Rauh;Kantholz;I/III;100;160;7000;Stk;Holztreff;380,00;EUR;false;Hintergrundartikel aus EK_Preise_01_2026_TS-SH_HO_PL_.pdf. Fichte Kantholz - Lagerware sägerau
2110168;Fichte;Kantholz;Kantholz Rauh;Kantholz;I/III;100;160;8000;Stk;Holztreff;380,00;EUR;false;Hintergrundartikel aus EK_Preise_01_2026_TS-SH_HO_PL_.pdf. Fichte Kantholz - Lagerware sägerau
2110169;Fichte;Kantholz;Kantholz Rauh;Kantholz;I/III;100;160;9000;Stk;Holztreff;380,00;EUR;false;Hintergrundartikel aus EK_Preise_01_2026_TS-SH_HO_PL_.pdf. Fichte Kantholz - Lagerware sägerau
21101610;Fichte;Kantholz;Kantholz Rauh;Kantholz;I/III;100;160;10000;Stk;Holztreff;380,00;EUR;false;Hintergrundartikel aus EK_Preise_01_2026_TS-SH_HO_PL_.pdf. Fichte Kantholz - Lagerware sägerau
21101611;Fichte;Kantholz;Kantholz Rauh;Kantholz;I/III;100;160;11000;Stk;Holztreff;380,00;EUR;false;Hintergrundartikel aus EK_Preise_01_2026_TS-SH_HO_PL_.pdf. Fichte Kantholz - Lagerware sägerau
52203;Sonstiges;Kantholz;Kantholz Rauh;Kantholz I/III 100 - 160;;100;240;3000;Stk;Holztreff;795,00;EUR;false;Hintergrundartikel aus EK_Preise_01_2026_TS-SH_HO_PL_.pdf. Heimische Lärche Kantholz - Lagerware sägerau
52204;Sonstiges;Kantholz;Kantholz Rauh;Kantholz I/III 100 - 160;;100;240;4000;Stk;Holztreff;795,00;EUR;false;Hintergrundartikel aus EK_Preise_01_2026_TS-SH_HO_PL_.pdf. Heimische Lärche Kantholz - Lagerware sägerau
52211;Sonstiges;Kantholz;Kantholz Rauh;Kantholz I/III 100 - 160;;100;240;11000;Stk;Holztreff;795,00;EUR;false;Hintergrundartikel aus EK_Preise_01_2026_TS-SH_HO_PL_.pdf. e
61136;Fichte;Hobelware;Fase (N+F);Fase AB trocken;;19;146;3000;Stk;Holztreff;10,95;EUR;false;Hintergrundartikel aus EK_Preise_01_2026_TS-SH_HO_PL_.pdf. Fichte Faseprofil
61137;Fichte;Hobelware;Fase (N+F);Fase AB trocken;;19;146;4000;Stk;Holztreff;10,95;EUR;false;Hintergrundartikel aus EK_Preise_01_2026_TS-SH_HO_PL_.pdf. Fichte Faseprofil
61138;Fichte;Hobelware;Fase (N+F);Fase AB trocken;;19;146;5000;Stk;Holztreff;10,95;EUR;false;Hintergrundartikel aus EK_Preise_01_2026_TS-SH_HO_PL_.pdf. Fichte Faseprofil
61145;Fichte;Hobelware;Fase (N+F);Fase AB trocken;;27;146;3000;Stk;Holztreff;15,95;EUR;false;Hintergrundartikel aus EK_Preise_01_2026_TS-SH_HO_PL_.pdf. Fichte Faseprofil
61146;Fichte;Hobelware;Fase (N+F);Fase AB trocken;;27;146;4000;Stk;Holztreff;15,95;EUR;false;Hintergrundartikel aus EK_Preise_01_2026_TS-SH_HO_PL_.pdf. Fichte Faseprofil
61147;Fichte;Hobelware;Fase (N+F);Fase AB trocken;;27;146;5000;Stk;Holztreff;15,95;EUR;false;Hintergrundartikel aus EK_Preise_01_2026_TS-SH_HO_PL_.pdf. Fichte Faseprofil
61290;Fichte;Hobelware;Raute;Raute AB trocken;;19;72;3000;Stk;Holztreff;10,95;EUR;false;Hintergrundartikel aus EK_Preise_01_2026_TS-SH_HO_PL_.pdf. Fichte Rautenprofil
61291;Fichte;Hobelware;Raute;Raute AB trocken;;19;72;4000;Stk;Holztreff;10,95;EUR;false;Hintergrundartikel aus EK_Preise_01_2026_TS-SH_HO_PL_.pdf. Fichte Rautenprofil
61292;Fichte;Hobelware;Raute;Raute AB trocken;;19;72;5000;Stk;Holztreff;10,95;EUR;false;Hintergrundartikel aus EK_Preise_01_2026_TS-SH_HO_PL_.pdf. Fichte Rautenprofil
61293;Fichte;Hobelware;Raute;Raute AB trocken;;19;95;3000;Stk;Holztreff;10,95;EUR;false;Hintergrundartikel aus EK_Preise_01_2026_TS-SH_HO_PL_.pdf. Fichte Rautenprofil
61294;Fichte;Hobelware;Raute;Raute AB trocken;;19;95;4000;Stk;Holztreff;10,95;EUR;false;Hintergrundartikel aus EK_Preise_01_2026_TS-SH_HO_PL_.pdf. Fichte Rautenprofil
61295;Fichte;Hobelware;Raute;Raute AB trocken;;19;95;5000;Stk;Holztreff;10,95;EUR;false;Hintergrundartikel aus EK_Preise_01_2026_TS-SH_HO_PL_.pdf. Fichte Rautenprofil
61284;Fichte;Hobelware;Raute;Raute AB trocken;;19;115;3000;Stk;Holztreff;10,95;EUR;false;Hintergrundartikel aus EK_Preise_01_2026_TS-SH_HO_PL_.pdf. Fichte Rautenprofil
61285;Fichte;Hobelware;Raute;Raute AB trocken;;19;115;4000;Stk;Holztreff;10,95;EUR;false;Hintergrundartikel aus EK_Preise_01_2026_TS-SH_HO_PL_.pdf. Fichte Rautenprofil
61286;Fichte;Hobelware;Raute;Raute AB trocken;;19;115;5000;Stk;Holztreff;10,95;EUR;false;Hintergrundartikel aus EK_Preise_01_2026_TS-SH_HO_PL_.pdf. Fichte Rautenprofil
61287;Fichte;Hobelware;Raute;Raute AB trocken;;19;145;3000;Stk;Holztreff;10,95;EUR;false;Hintergrundartikel aus EK_Preise_01_2026_TS-SH_HO_PL_.pdf. Fichte Rautenprofil
61288;Fichte;Hobelware;Raute;Raute AB trocken;;19;145;4000;Stk;Holztreff;10,95;EUR;false;Hintergrundartikel aus EK_Preise_01_2026_TS-SH_HO_PL_.pdf. Fichte Rautenprofil
61289;Fichte;Hobelware;Raute;Raute AB trocken;;19;145;5000;Stk;Holztreff;10,95;EUR;false;Hintergrundartikel aus EK_Preise_01_2026_TS-SH_HO_PL_.pdf. Fichte Rautenprofil
61175;Fichte;Hobelware;Glattkant;Glattkant AB trocken;;19;95;3000;Stk;Holztreff;10,95;EUR;false;Hintergrundartikel aus EK_Preise_01_2026_TS-SH_HO_PL_.pdf. Fichte Glattkant
61176;Fichte;Hobelware;Glattkant;Glattkant AB trocken;;19;95;4000;Stk;Holztreff;10,95;EUR;false;Hintergrundartikel aus EK_Preise_01_2026_TS-SH_HO_PL_.pdf. Fichte Glattkant
61177;Fichte;Hobelware;Glattkant;Glattkant AB trocken;;19;95;5000;Stk;Holztreff;10,95;EUR;false;Hintergrundartikel aus EK_Preise_01_2026_TS-SH_HO_PL_.pdf. Fichte Glattkant
61163;Fichte;Hobelware;Glattkant;Glattkant AB trocken;;19;115;3000;Stk;Holztreff;10,95;EUR;false;Hintergrundartikel aus EK_Preise_01_2026_TS-SH_HO_PL_.pdf. Fichte Glattkant
61164;Fichte;Hobelware;Glattkant;Glattkant AB trocken;;19;115;4000;Stk;Holztreff;10,95;EUR;false;Hintergrundartikel aus EK_Preise_01_2026_TS-SH_HO_PL_.pdf. Fichte Glattkant
61165;Fichte;Hobelware;Glattkant;Glattkant AB trocken;;19;115;5000;Stk;Holztreff;10,95;EUR;false;Hintergrundartikel aus EK_Preise_01_2026_TS-SH_HO_PL_.pdf. Fichte Glattkant
61166;Fichte;Hobelware;Glattkant;Glattkant AB trocken;;19;145;3000;Stk;Holztreff;10,95;EUR;false;Hintergrundartikel aus EK_Preise_01_2026_TS-SH_HO_PL_.pdf. Fichte Glattkant
61167;Fichte;Hobelware;Glattkant;Glattkant AB trocken;;19;145;4000;Stk;Holztreff;10,95;EUR;false;Hintergrundartikel aus EK_Preise_01_2026_TS-SH_HO_PL_.pdf. Fichte Glattkant
61168;Fichte;Hobelware;Glattkant;Glattkant AB trocken;;19;145;5000;Stk;Holztreff;10,95;EUR;false;Hintergrundartikel aus EK_Preise_01_2026_TS-SH_HO_PL_.pdf. Fichte Glattkant
61169;Fichte;Hobelware;Glattkant;Glattkant AB trocken;;19;175;3000;Stk;Holztreff;10,95;EUR;false;Hintergrundartikel aus EK_Preise_01_2026_TS-SH_HO_PL_.pdf. Fichte Glattkant
61170;Fichte;Hobelware;Glattkant;Glattkant AB trocken;;19;175;4000;Stk;Holztreff;10,95;EUR;false;Hintergrundartikel aus EK_Preise_01_2026_TS-SH_HO_PL_.pdf. Fichte Glattkant
61171;Fichte;Hobelware;Glattkant;Glattkant AB trocken;;19;175;5000;Stk;Holztreff;10,95;EUR;false;Hintergrundartikel aus EK_Preise_01_2026_TS-SH_HO_PL_.pdf. Fichte Glattkant
61172;Fichte;Hobelware;Glattkant;Glattkant AB trocken;;19;195;3000;Stk;Holztreff;10,95;EUR;false;Hintergrundartikel aus EK_Preise_01_2026_TS-SH_HO_PL_.pdf. Fichte Glattkant
61173;Fichte;Hobelware;Glattkant;Glattkant AB trocken;;19;195;4000;Stk;Holztreff;10,95;EUR;false;Hintergrundartikel aus EK_Preise_01_2026_TS-SH_HO_PL_.pdf. Fichte Glattkant
61174;Fichte;Hobelware;Glattkant;Glattkant AB trocken;;19;195;5000;Stk;Holztreff;10,95;EUR;false;Hintergrundartikel aus EK_Preise_01_2026_TS-SH_HO_PL_.pdf. Fichte Glattkant
61178;Fichte;Hobelware;Glattkant;Glattkant AB trocken;;27;145;3000;Stk;Holztreff;15,95;EUR;false;Hintergrundartikel aus EK_Preise_01_2026_TS-SH_HO_PL_.pdf. Fichte Glattkant
61179;Fichte;Hobelware;Glattkant;Glattkant AB trocken;;27;145;4000;Stk;Holztreff;15,95;EUR;false;Hintergrundartikel aus EK_Preise_01_2026_TS-SH_HO_PL_.pdf. Fichte Glattkant
61180;Fichte;Hobelware;Glattkant;Glattkant AB trocken;;27;195;5000;Stk;Holztreff;15,95;EUR;false;Hintergrundartikel aus EK_Preise_01_2026_TS-SH_HO_PL_.pdf. Fichte Glattkant
61181;Fichte;Hobelware;Glattkant;Glattkant AB trocken;;27;195;3000;Stk;Holztreff;15,95;EUR;false;Hintergrundartikel aus EK_Preise_01_2026_TS-SH_HO_PL_.pdf. Fichte Glattkant
61182;Fichte;Hobelware;Glattkant;Glattkant AB trocken;;27;195;4000;Stk;Holztreff;15,95;EUR;false;Hintergrundartikel aus EK_Preise_01_2026_TS-SH_HO_PL_.pdf. Fichte Glattkant
61183;Fichte;Hobelware;Glattkant;Glattkant AB trocken;;27;195;5000;Stk;Holztreff;15,95;EUR;false;Hintergrundartikel aus EK_Preise_01_2026_TS-SH_HO_PL_.pdf. Fichte Glattkant
61321;Fichte;Kantholz;Kantholz Rauh;Schiffboden AB trocken;;19;116;4000;Stk;Holztreff;16,45;EUR;false;Hintergrundartikel aus EK_Preise_01_2026_TS-SH_HO_PL_.pdf. Fichte Schiffboden
61322;Fichte;Kantholz;Kantholz Rauh;Schiffboden AB trocken;;24;146;4000;Stk;Holztreff;19,95;EUR;false;Hintergrundartikel aus EK_Preise_01_2026_TS-SH_HO_PL_.pdf. Fichte Schiffboden
61112;Fichte;Kantholz;Kantholz Rauh;Brandschutz AB trocken;;40;155;3000;Stk;Holztreff;22,80;EUR;false;Hintergrundartikel aus EK_Preise_01_2026_TS-SH_HO_PL_.pdf. Fichte Brandschutzprofil/Doppelnutprofil - ÖNORM EN 13501 Teil 3
61113;Fichte;Kantholz;Kantholz Rauh;Brandschutz AB trocken;;40;155;4000;Stk;Holztreff;22,80;EUR;false;Hintergrundartikel aus EK_Preise_01_2026_TS-SH_HO_PL_.pdf. Fichte Brandschutzprofil/Doppelnutprofil - ÖNORM EN 13501 Teil 3
61114;Fichte;Kantholz;Kantholz Rauh;Brandschutz AB trocken;;40;155;5000;Stk;Holztreff;22,80;EUR;false;Hintergrundartikel aus EK_Preise_01_2026_TS-SH_HO_PL_.pdf. Fichte Brandschutzprofil/Doppelnutprofil - ÖNORM EN 13501 Teil 3
61241;Fichte;Hobelware;Latten gehobelt;Latten geh. I-III trocken;;19;43;3000;Stk;Holztreff;1,05;EUR;false;Hintergrundartikel aus EK_Preise_01_2026_TS-SH_HO_PL_.pdf. Fichte Latten|Staffel gehobelt, gefast
61242;Fichte;Hobelware;Latten gehobelt;Latten geh. I-III trocken;;19;43;4000;Stk;Holztreff;1,05;EUR;false;Hintergrundartikel aus EK_Preise_01_2026_TS-SH_HO_PL_.pdf. Fichte Latten|Staffel gehobelt, gefast
61243;Fichte;Hobelware;Latten gehobelt;Latten geh. I-III trocken;;19;43;5000;Stk;Holztreff;1,05;EUR;false;Hintergrundartikel aus EK_Preise_01_2026_TS-SH_HO_PL_.pdf. Fichte Latten|Staffel gehobelt, gefast
61244;Fichte;Hobelware;Latten gehobelt;Latten geh. I-III trocken;;23;43;3000;Stk;Holztreff;1,20;EUR;false;Hintergrundartikel aus EK_Preise_01_2026_TS-SH_HO_PL_.pdf. Fichte Latten|Staffel gehobelt, gefast
61245;Fichte;Hobelware;Latten gehobelt;Latten geh. I-III trocken;;23;43;4000;Stk;Holztreff;1,20;EUR;false;Hintergrundartikel aus EK_Preise_01_2026_TS-SH_HO_PL_.pdf. Fichte Latten|Staffel gehobelt, gefast
61246;Fichte;Hobelware;Latten gehobelt;Latten geh. I-III trocken;;23;43;5000;Stk;Holztreff;1,20;EUR;false;Hintergrundartikel aus EK_Preise_01_2026_TS-SH_HO_PL_.pdf. Fichte Latten|Staffel gehobelt, gefast
61247;Fichte;Hobelware;Latten gehobelt;Latten geh. I-III trocken;;33;43;3000;Stk;Holztreff;1,40;EUR;false;Hintergrundartikel aus EK_Preise_01_2026_TS-SH_HO_PL_.pdf. Fichte Latten|Staffel gehobelt, gefast
61248;Fichte;Hobelware;Latten gehobelt;Latten geh. I-III trocken;;33;43;4000;Stk;Holztreff;1,40;EUR;false;Hintergrundartikel aus EK_Preise_01_2026_TS-SH_HO_PL_.pdf. Fichte Latten|Staffel gehobelt, gefast
61249;Fichte;Hobelware;Latten gehobelt;Latten geh. I-III trocken;;33;43;5000;Stk;Holztreff;1,40;EUR;false;Hintergrundartikel aus EK_Preise_01_2026_TS-SH_HO_PL_.pdf. Fichte Latten|Staffel gehobelt, gefast
61250;Fichte;Hobelware;Latten gehobelt;Latten geh. I-III trocken;;33;53;3000;Stk;Holztreff;1,75;EUR;false;Hintergrundartikel aus EK_Preise_01_2026_TS-SH_HO_PL_.pdf. Fichte Latten|Staffel gehobelt, gefast
61251;Fichte;Hobelware;Latten gehobelt;Latten geh. I-III trocken;;33;53;4000;Stk;Holztreff;1,75;EUR;false;Hintergrundartikel aus EK_Preise_01_2026_TS-SH_HO_PL_.pdf. Fichte Latten|Staffel gehobelt, gefast
61252;Fichte;Hobelware;Latten gehobelt;Latten geh. I-III trocken;;33;53;5000;Stk;Holztreff;1,75;EUR;false;Hintergrundartikel aus EK_Preise_01_2026_TS-SH_HO_PL_.pdf. Fichte Latten|Staffel gehobelt, gefast
61253;Fichte;Hobelware;Latten gehobelt;Latten geh. I-III trocken;;43;53;3000;Stk;Holztreff;2,15;EUR;false;Hintergrundartikel aus EK_Preise_01_2026_TS-SH_HO_PL_.pdf. Fichte Latten|Staffel gehobelt, gefast
61254;Fichte;Hobelware;Latten gehobelt;Latten geh. I-III trocken;;43;53;4000;Stk;Holztreff;2,15;EUR;false;Hintergrundartikel aus EK_Preise_01_2026_TS-SH_HO_PL_.pdf. Fichte Latten|Staffel gehobelt, gefast
61255;Fichte;Hobelware;Latten gehobelt;Latten geh. I-III trocken;;43;53;5000;Stk;Holztreff;2,15;EUR;false;Hintergrundartikel aus EK_Preise_01_2026_TS-SH_HO_PL_.pdf. Fichte Latten|Staffel gehobelt, gefast
61323;Fichte;Hobelware;Latten gehobelt;Latten geh. I-III trocken;;40;70;3000;Stk;Holztreff;2,35;EUR;false;Hintergrundartikel aus EK_Preise_01_2026_TS-SH_HO_PL_.pdf. Fichte Latten|Staffel gehobelt, gefast
61324;Fichte;Hobelware;Latten gehobelt;Latten geh. I-III trocken;;40;70;4000;Stk;Holztreff;2,35;EUR;false;Hintergrundartikel aus EK_Preise_01_2026_TS-SH_HO_PL_.pdf. Fichte Latten|Staffel gehobelt, gefast
61325;Fichte;Hobelware;Latten gehobelt;Latten geh. I-III trocken;;40;70;5000;Stk;Holztreff;2,35;EUR;false;Hintergrundartikel aus EK_Preise_01_2026_TS-SH_HO_PL_.pdf. Fichte Latten|Staffel gehobelt, gefast
61326;Fichte;Hobelware;Latten gehobelt;Staffel geh. I-III trocken;;70;70;3000;Stk;Holztreff;3,50;EUR;false;Hintergrundartikel aus EK_Preise_01_2026_TS-SH_HO_PL_.pdf. Fichte Latten|Staffel gehobelt, gefast
61327;Fichte;Hobelware;Latten gehobelt;Staffel geh. I-III trocken;;70;70;4000;Stk;Holztreff;3,50;EUR;false;Hintergrundartikel aus EK_Preise_01_2026_TS-SH_HO_PL_.pdf. Fichte Latten|Staffel gehobelt, gefast
61328;Fichte;Hobelware;Latten gehobelt;Staffel geh. I-III trocken;;70;70;5000;Stk;Holztreff;3,50;EUR;false;Hintergrundartikel aus EK_Preise_01_2026_TS-SH_HO_PL_.pdf. Fichte Latten|Staffel gehobelt, gefast
61232;Fichte;Hobelware;Latten gehobelt;Staffel geh. I-III trocken;;90;90;3000;Stk;Holztreff;5,25;EUR;false;Hintergrundartikel aus EK_Preise_01_2026_TS-SH_HO_PL_.pdf. Fichte Latten|Staffel gehobelt, gefast
61233;Fichte;Hobelware;Latten gehobelt;Staffel geh. I-III trocken;;90;90;4000;Stk;Holztreff;5,25;EUR;false;Hintergrundartikel aus EK_Preise_01_2026_TS-SH_HO_PL_.pdf. Fichte Latten|Staffel gehobelt, gefast
61234;Fichte;Hobelware;Latten gehobelt;Staffel geh. I-III trocken;;90;90;5000;Stk;Holztreff;5,25;EUR;false;Hintergrundartikel aus EK_Preise_01_2026_TS-SH_HO_PL_.pdf. Fichte Latten|Staffel gehobelt, gefast
61980;Sonstiges;Hobelware;Fase (N+F);Fase AB trocken;;19;146;4000;Stk;Holztreff;10,95;EUR;false;Hintergrundartikel aus EK_Preise_01_2026_TS-SH_HO_PL_.pdf. Kiefer Faseprofil
61980;Sonstiges;Hobelware;Fase (N+F);Fase AB trocken;;27;146;4000;Stk;Holztreff;15,95;EUR;false;Hintergrundartikel aus EK_Preise_01_2026_TS-SH_HO_PL_.pdf. Kiefer Faseprofil
61980;Sonstiges;Hobelware;Glattkant;Glattkant AB trocken;;19;146;4000;Stk;Holztreff;10,95;EUR;false;Hintergrundartikel aus EK_Preise_01_2026_TS-SH_HO_PL_.pdf. Kiefer Glattkant
61980;Sonstiges;Hobelware;Glattkant;Glattkant AB trocken;;27;146;4000;Stk;Holztreff;15,95;EUR;false;Hintergrundartikel aus EK_Preise_01_2026_TS-SH_HO_PL_.pdf. Kiefer Glattkant
61980;Sonstiges;Hobelware;Latten gehobelt;Latten geh. I-III trocken;;19;43;4000;Stk;Holztreff;1,05;EUR;false;Hintergrundartikel aus EK_Preise_01_2026_TS-SH_HO_PL_.pdf. Kiefer Latten gehobelt, gefast
62000;Laerche;Hobelware;Fase (N+F);Lä Fase AB trocken;;19;117;3000;Stk;Holztreff;23,95;EUR;false;Hintergrundartikel aus EK_Preise_01_2026_TS-SH_HO_PL_.pdf. Heimische Lärche Faseprofil
62001;Laerche;Hobelware;Fase (N+F);Lä Fase AB trocken;;19;117;4000;Stk;Holztreff;23,95;EUR;false;Hintergrundartikel aus EK_Preise_01_2026_TS-SH_HO_PL_.pdf. Heimische Lärche Faseprofil
62002;Laerche;Hobelware;Fase (N+F);Lä Fase AB trocken;;19;117;5000;Stk;Holztreff;23,95;EUR;false;Hintergrundartikel aus EK_Preise_01_2026_TS-SH_HO_PL_.pdf. Heimische Lärche Faseprofil
62003;Laerche;Hobelware;Fase (N+F);Lä Fase AB trocken;;19;147;3000;Stk;Holztreff;23,95;EUR;false;Hintergrundartikel aus EK_Preise_01_2026_TS-SH_HO_PL_.pdf. Heimische Lärche Faseprofil
62004;Laerche;Hobelware;Fase (N+F);Lä Fase AB trocken;;19;147;4000;Stk;Holztreff;23,95;EUR;false;Hintergrundartikel aus EK_Preise_01_2026_TS-SH_HO_PL_.pdf. Heimische Lärche Faseprofil
62005;Laerche;Hobelware;Fase (N+F);Lä Fase AB trocken;;19;147;5000;Stk;Holztreff;23,95;EUR;false;Hintergrundartikel aus EK_Preise_01_2026_TS-SH_HO_PL_.pdf. Heimische Lärche Faseprofil
62006;Laerche;Hobelware;Fase (N+F);Lä Fase AB trocken;;19;197;3000;Stk;Holztreff;23,95;EUR;false;Hintergrundartikel aus EK_Preise_01_2026_TS-SH_HO_PL_.pdf. Heimische Lärche Faseprofil
62007;Laerche;Hobelware;Fase (N+F);Lä Fase AB trocken;;19;197;4000;Stk;Holztreff;23,95;EUR;false;Hintergrundartikel aus EK_Preise_01_2026_TS-SH_HO_PL_.pdf. Heimische Lärche Faseprofil
62008;Laerche;Hobelware;Fase (N+F);Lä Fase AB trocken;;19;197;5000;Stk;Holztreff;23,95;EUR;false;Hintergrundartikel aus EK_Preise_01_2026_TS-SH_HO_PL_.pdf. Heimische Lärche Faseprofil
62009;Laerche;Hobelware;Fase (N+F);Lä Fase AB trocken;;29;145;3000;Stk;Holztreff;29,95;EUR;false;Hintergrundartikel aus EK_Preise_01_2026_TS-SH_HO_PL_.pdf. Heimische Lärche Faseprofil
62010;Laerche;Hobelware;Fase (N+F);Lä Fase AB trocken;;29;145;4000;Stk;Holztreff;29,95;EUR;false;Hintergrundartikel aus EK_Preise_01_2026_TS-SH_HO_PL_.pdf. Heimische Lärche Faseprofil
62011;Laerche;Hobelware;Fase (N+F);Lä Fase AB trocken;;29;145;5000;Stk;Holztreff;29,95;EUR;false;Hintergrundartikel aus EK_Preise_01_2026_TS-SH_HO_PL_.pdf. Heimische Lärche Faseprofil
62072;Laerche;Hobelware;Glattkant;Lä Glattkant AB trocken;;19;95;3000;Stk;Holztreff;23,95;EUR;false;Hintergrundartikel aus EK_Preise_01_2026_TS-SH_HO_PL_.pdf. Heimische Lärche Glattkant
62073;Laerche;Hobelware;Glattkant;Lä Glattkant AB trocken;;19;95;4000;Stk;Holztreff;23,95;EUR;false;Hintergrundartikel aus EK_Preise_01_2026_TS-SH_HO_PL_.pdf. Heimische Lärche Glattkant
62074;Laerche;Hobelware;Glattkant;Lä Glattkant AB trocken;;19;95;5000;Stk;Holztreff;23,95;EUR;false;Hintergrundartikel aus EK_Preise_01_2026_TS-SH_HO_PL_.pdf. Heimische Lärche Glattkant
62060;Laerche;Hobelware;Glattkant;Lä Glattkant AB trocken;;19;115;3000;Stk;Holztreff;23,95;EUR;false;Hintergrundartikel aus EK_Preise_01_2026_TS-SH_HO_PL_.pdf. Heimische Lärche Glattkant
62061;Laerche;Hobelware;Glattkant;Lä Glattkant AB trocken;;19;115;4000;Stk;Holztreff;23,95;EUR;false;Hintergrundartikel aus EK_Preise_01_2026_TS-SH_HO_PL_.pdf. Heimische Lärche Glattkant
62062;Laerche;Hobelware;Glattkant;Lä Glattkant AB trocken;;19;115;5000;Stk;Holztreff;23,95;EUR;false;Hintergrundartikel aus EK_Preise_01_2026_TS-SH_HO_PL_.pdf. Heimische Lärche Glattkant
62063;Laerche;Hobelware;Glattkant;Lä Glattkant AB trocken;;19;145;3000;Stk;Holztreff;23,95;EUR;false;Hintergrundartikel aus EK_Preise_01_2026_TS-SH_HO_PL_.pdf. Heimische Lärche Glattkant
62064;Laerche;Hobelware;Glattkant;Lä Glattkant AB trocken;;19;145;4000;Stk;Holztreff;23,95;EUR;false;Hintergrundartikel aus EK_Preise_01_2026_TS-SH_HO_PL_.pdf. Heimische Lärche Glattkant
62065;Laerche;Hobelware;Glattkant;Lä Glattkant AB trocken;;19;145;5000;Stk;Holztreff;23,95;EUR;false;Hintergrundartikel aus EK_Preise_01_2026_TS-SH_HO_PL_.pdf. Heimische Lärche Glattkant
62066;Laerche;Hobelware;Glattkant;Lä Glattkant AB trocken;;19;175;3000;Stk;Holztreff;23,95;EUR;false;Hintergrundartikel aus EK_Preise_01_2026_TS-SH_HO_PL_.pdf. Heimische Lärche Glattkant
62067;Laerche;Hobelware;Glattkant;Lä Glattkant AB trocken;;19;175;4000;Stk;Holztreff;23,95;EUR;false;Hintergrundartikel aus EK_Preise_01_2026_TS-SH_HO_PL_.pdf. Heimische Lärche Glattkant
62068;Laerche;Hobelware;Glattkant;Lä Glattkant AB trocken;;19;175;5000;Stk;Holztreff;23,95;EUR;false;Hintergrundartikel aus EK_Preise_01_2026_TS-SH_HO_PL_.pdf. Heimische Lärche Glattkant
62069;Laerche;Hobelware;Glattkant;Lä Glattkant AB trocken;;19;195;3000;Stk;Holztreff;23,95;EUR;false;Hintergrundartikel aus EK_Preise_01_2026_TS-SH_HO_PL_.pdf. Heimische Lärche Glattkant
62070;Laerche;Hobelware;Glattkant;Lä Glattkant AB trocken;;19;195;4000;Stk;Holztreff;23,95;EUR;false;Hintergrundartikel aus EK_Preise_01_2026_TS-SH_HO_PL_.pdf. Heimische Lärche Glattkant
62071;Laerche;Hobelware;Glattkant;Lä Glattkant AB trocken;;19;195;5000;Stk;Holztreff;23,95;EUR;false;Hintergrundartikel aus EK_Preise_01_2026_TS-SH_HO_PL_.pdf. Heimische Lärche Glattkant
62024;Laerche;Hobelware;Glattkant;Lä Glattkant AB trocken;;27;145;3000;Stk;Holztreff;29,95;EUR;false;Hintergrundartikel aus EK_Preise_01_2026_TS-SH_HO_PL_.pdf. Heimische Lärche Glattkant
62026;Laerche;Hobelware;Glattkant;Lä Glattkant AB trocken;;27;145;4000;Stk;Holztreff;29,95;EUR;false;Hintergrundartikel aus EK_Preise_01_2026_TS-SH_HO_PL_.pdf. Heimische Lärche Glattkant
62028;Laerche;Hobelware;Glattkant;Lä Glattkant AB trocken;;27;145;5000;Stk;Holztreff;29,95;EUR;false;Hintergrundartikel aus EK_Preise_01_2026_TS-SH_HO_PL_.pdf. Heimische Lärche Glattkant
62030;Laerche;Hobelware;Glattkant;Lä Glattkant AB trocken;;27;195;3000;Stk;Holztreff;29,95;EUR;false;Hintergrundartikel aus EK_Preise_01_2026_TS-SH_HO_PL_.pdf. Heimische Lärche Glattkant
62032;Laerche;Hobelware;Glattkant;Lä Glattkant AB trocken;;27;195;4000;Stk;Holztreff;29,95;EUR;false;Hintergrundartikel aus EK_Preise_01_2026_TS-SH_HO_PL_.pdf. Heimische Lärche Glattkant
62035;Laerche;Hobelware;Glattkant;Lä Glattkant AB trocken;;27;195;5000;Stk;Holztreff;29,95;EUR;false;Hintergrundartikel aus EK_Preise_01_2026_TS-SH_HO_PL_.pdf. Heimische Lärche Glattkant
62036;Laerche;Hobelware;Glattkant;Lä Glattkant AB trocken;;34;145;3000;Stk;Holztreff;38,95;EUR;false;Hintergrundartikel aus EK_Preise_01_2026_TS-SH_HO_PL_.pdf. Heimische Lärche Glattkant
62037;Laerche;Hobelware;Glattkant;Lä Glattkant AB trocken;;34;145;4000;Stk;Holztreff;38,95;EUR;false;Hintergrundartikel aus EK_Preise_01_2026_TS-SH_HO_PL_.pdf. Heimische Lärche Glattkant
62038;Laerche;Hobelware;Glattkant;Lä Glattkant AB trocken;;34;145;5000;Stk;Holztreff;38,95;EUR;false;Hintergrundartikel aus EK_Preise_01_2026_TS-SH_HO_PL_.pdf. Heimische Lärche Glattkant
62039;Laerche;Hobelware;Glattkant;Lä Glattkant AB trocken;;40;145;3000;Stk;Holztreff;48,95;EUR;false;Hintergrundartikel aus EK_Preise_01_2026_TS-SH_HO_PL_.pdf. Heimische Lärche Glattkant
62040;Laerche;Hobelware;Glattkant;Lä Glattkant AB trocken;;40;145;4000;Stk;Holztreff;48,95;EUR;false;Hintergrundartikel aus EK_Preise_01_2026_TS-SH_HO_PL_.pdf. Heimische Lärche Glattkant
62041;Laerche;Hobelware;Glattkant;Lä Glattkant AB trocken;;40;145;5000;Stk;Holztreff;48,95;EUR;false;Hintergrundartikel aus EK_Preise_01_2026_TS-SH_HO_PL_.pdf. Heimische Lärche Glattkant
62123;Laerche;Hobelware;Raute;Lä Rauten AB trocken;;19;72;3000;Stk;Holztreff;23,95;EUR;false;Hintergrundartikel aus EK_Preise_01_2026_TS-SH_HO_PL_.pdf. Heimische Lärche Rautenprofil
62124;Laerche;Hobelware;Raute;Lä Rauten AB trocken;;19;72;4000;Stk;Holztreff;23,95;EUR;false;Hintergrundartikel aus EK_Preise_01_2026_TS-SH_HO_PL_.pdf. Heimische Lärche Rautenprofil
62125;Laerche;Hobelware;Raute;Lä Rauten AB trocken;;19;72;5000;Stk;Holztreff;23,95;EUR;false;Hintergrundartikel aus EK_Preise_01_2026_TS-SH_HO_PL_.pdf. Heimische Lärche Rautenprofil
62126;Laerche;Hobelware;Raute;Lä Rauten AB trocken;;19;95;3000;Stk;Holztreff;23,95;EUR;false;Hintergrundartikel aus EK_Preise_01_2026_TS-SH_HO_PL_.pdf. Heimische Lärche Rautenprofil
62127;Laerche;Hobelware;Raute;Lä Rauten AB trocken;;19;95;4000;Stk;Holztreff;23,95;EUR;false;Hintergrundartikel aus EK_Preise_01_2026_TS-SH_HO_PL_.pdf. Heimische Lärche Rautenprofil
62128;Laerche;Hobelware;Raute;Lä Rauten AB trocken;;19;95;5000;Stk;Holztreff;23,95;EUR;false;Hintergrundartikel aus EK_Preise_01_2026_TS-SH_HO_PL_.pdf. Heimische Lärche Rautenprofil
62120;Laerche;Hobelware;Raute;Lä Rauten AB trocken;;19;115;3000;Stk;Holztreff;23,95;EUR;false;Hintergrundartikel aus EK_Preise_01_2026_TS-SH_HO_PL_.pdf. Heimische Lärche Rautenprofil
62121;Laerche;Hobelware;Raute;Lä Rauten AB trocken;;19;115;4000;Stk;Holztreff;23,95;EUR;false;Hintergrundartikel aus EK_Preise_01_2026_TS-SH_HO_PL_.pdf. Heimische Lärche Rautenprofil
62122;Laerche;Hobelware;Raute;Lä Rauten AB trocken;;19;115;5000;Stk;Holztreff;23,95;EUR;false;Hintergrundartikel aus EK_Preise_01_2026_TS-SH_HO_PL_.pdf. Heimische Lärche Rautenprofil
62129;Laerche;Hobelware;Raute;Lä Rauten AB trocken;;27;72;3000;Stk;Holztreff;29,95;EUR;false;Hintergrundartikel aus EK_Preise_01_2026_TS-SH_HO_PL_.pdf. Heimische Lärche Rautenprofil
62130;Laerche;Hobelware;Raute;Lä Rauten AB trocken;;27;72;4000;Stk;Holztreff;29,95;EUR;false;Hintergrundartikel aus EK_Preise_01_2026_TS-SH_HO_PL_.pdf. Heimische Lärche Rautenprofil
62131;Laerche;Hobelware;Raute;Lä Rauten AB trocken;;27;72;5000;Stk;Holztreff;29,95;EUR;false;Hintergrundartikel aus EK_Preise_01_2026_TS-SH_HO_PL_.pdf. Heimische Lärche Rautenprofil
62090;Laerche;Kantholz;Latten;Lä Latten geh. I/III trocken;;19;43;3000;Stk;Holztreff;1,75;EUR;false;Hintergrundartikel aus EK_Preise_01_2026_TS-SH_HO_PL_.pdf. Heimische Lärche Latten|Staffel
62091;Laerche;Kantholz;Latten;Lä Latten geh. I/III trocken;;19;43;4000;Stk;Holztreff;1,75;EUR;false;Hintergrundartikel aus EK_Preise_01_2026_TS-SH_HO_PL_.pdf. Heimische Lärche Latten|Staffel
62092;Laerche;Kantholz;Latten;Lä Latten geh. I/III trocken;;19;43;5000;Stk;Holztreff;1,75;EUR;false;Hintergrundartikel aus EK_Preise_01_2026_TS-SH_HO_PL_.pdf. Heimische Lärche Latten|Staffel
62404;Laerche;Kantholz;Latten;Lä Latten geh. I/III trocken;;23;43;3000;Stk;Holztreff;1,85;EUR;false;Hintergrundartikel aus EK_Preise_01_2026_TS-SH_HO_PL_.pdf. Heimische Lärche Latten|Staffel
62405;Laerche;Kantholz;Latten;Lä Latten geh. I/III trocken;;23;43;4000;Stk;Holztreff;1,85;EUR;false;Hintergrundartikel aus EK_Preise_01_2026_TS-SH_HO_PL_.pdf. Heimische Lärche Latten|Staffel
62406;Laerche;Kantholz;Latten;Lä Latten geh. I/III trocken;;23;43;5000;Stk;Holztreff;1,85;EUR;false;Hintergrundartikel aus EK_Preise_01_2026_TS-SH_HO_PL_.pdf. Heimische Lärche Latten|Staffel
62407;Laerche;Kantholz;Latten;Lä Latten geh. I/III trocken;;33;43;3000;Stk;Holztreff;1,95;EUR;false;Hintergrundartikel aus EK_Preise_01_2026_TS-SH_HO_PL_.pdf. Heimische Lärche Latten|Staffel
62408;Laerche;Kantholz;Latten;Lä Latten geh. I/III trocken;;33;43;4000;Stk;Holztreff;1,95;EUR;false;Hintergrundartikel aus EK_Preise_01_2026_TS-SH_HO_PL_.pdf. Heimische Lärche Latten|Staffel
62409;Laerche;Kantholz;Latten;Lä Latten geh. I/III trocken;;33;43;5000;Stk;Holztreff;1,95;EUR;false;Hintergrundartikel aus EK_Preise_01_2026_TS-SH_HO_PL_.pdf. Heimische Lärche Latten|Staffel
62410;Laerche;Kantholz;Latten;Lä Latten geh. I/III trocken;;43;43;3000;Stk;Holztreff;2,75;EUR;false;Hintergrundartikel aus EK_Preise_01_2026_TS-SH_HO_PL_.pdf. Heimische Lärche Latten|Staffel
62411;Laerche;Kantholz;Latten;Lä Latten geh. I/III trocken;;43;43;4000;Stk;Holztreff;2,75;EUR;false;Hintergrundartikel aus EK_Preise_01_2026_TS-SH_HO_PL_.pdf. Heimische Lärche Latten|Staffel
62412;Laerche;Kantholz;Latten;Lä Latten geh. I/III trocken;;43;43;5000;Stk;Holztreff;2,75;EUR;false;Hintergrundartikel aus EK_Preise_01_2026_TS-SH_HO_PL_.pdf. Heimische Lärche Latten|Staffel
62145;Laerche;Kantholz;Latten;Lä Latten geh. I/III trocken;;40;70;3000;Stk;Holztreff;3,95;EUR;false;Hintergrundartikel aus EK_Preise_01_2026_TS-SH_HO_PL_.pdf. Heimische Lärche Latten|Staffel
62146;Laerche;Kantholz;Latten;Lä Latten geh. I/III trocken;;40;70;4000;Stk;Holztreff;3,95;EUR;false;Hintergrundartikel aus EK_Preise_01_2026_TS-SH_HO_PL_.pdf. Heimische Lärche Latten|Staffel
62147;Laerche;Kantholz;Latten;Lä Latten geh. I/III trocken;;40;70;5000;Stk;Holztreff;3,95;EUR;false;Hintergrundartikel aus EK_Preise_01_2026_TS-SH_HO_PL_.pdf. Heimische Lärche Latten|Staffel
31883;Laerche;Kantholz;Latten;Lä Staffel geh. I/III trocken;;70;70;3000;Stk;Holztreff;6,40;EUR;false;Hintergrundartikel aus EK_Preise_01_2026_TS-SH_HO_PL_.pdf. Heimische Lärche Latten|Staffel
31884;Laerche;Kantholz;Latten;Lä Staffel geh. I/III trocken;;70;70;4000;Stk;Holztreff;6,40;EUR;false;Hintergrundartikel aus EK_Preise_01_2026_TS-SH_HO_PL_.pdf. Heimische Lärche Latten|Staffel
31885;Laerche;Kantholz;Latten;Lä Staffel geh. I/III trocken;;70;70;5000;Stk;Holztreff;6,40;EUR;false;Hintergrundartikel aus EK_Preise_01_2026_TS-SH_HO_PL_.pdf. Heimische Lärche Latten|Staffel
3110103;Laerche;Kantholz;Latten;Lä Staffel geh. I/III trocken;;90;90;3000;Stk;Holztreff;9,80;EUR;false;Hintergrundartikel aus EK_Preise_01_2026_TS-SH_HO_PL_.pdf. Heimische Lärche Latten|Staffel
3110104;Laerche;Kantholz;Latten;Lä Staffel geh. I/III trocken;;90;90;4000;Stk;Holztreff;9,80;EUR;false;Hintergrundartikel aus EK_Preise_01_2026_TS-SH_HO_PL_.pdf. Heimische Lärche Latten|Staffel
3110105;Laerche;Kantholz;Latten;Lä Staffel geh. I/III trocken;;90;90;5000;Stk;Holztreff;9,80;EUR;false;Hintergrundartikel aus EK_Preise_01_2026_TS-SH_HO_PL_.pdf. Heimische Lärche Latten|Staffel
70330;Laerche;Hobelware;Fase (N+F);Lä Fase rustikal trocken;;19;176;2000;Stk;Holztreff;54,95;EUR;false;Hintergrundartikel aus EK_Preise_01_2026_TS-SH_HO_PL_.pdf. Heimische Lärche gedämpft gehackt, gebürstet - rundum Nut & Feder
70330;Laerche;Hobelware;Fase (N+F);Lä Fase rustikal trocken;;19;176;3000;Stk;Holztreff;54,95;EUR;false;Hintergrundartikel aus EK_Preise_01_2026_TS-SH_HO_PL_.pdf. Heimische Lärche gedämpft gehackt, gebürstet - rundum Nut & Feder
70330;Laerche;Hobelware;Fase (N+F);Lä Fase rustikal trocken;;19;176;4000;Stk;Holztreff;54,95;EUR;false;Hintergrundartikel aus EK_Preise_01_2026_TS-SH_HO_PL_.pdf. Heimische Lärche gedämpft gehackt, gebürstet - rundum Nut & Feder
71274;Thermo;Hobelware;Glattkant;Kiefer Glattkant AB trocken;;26;140;3000;Stk;Holztreff;39,95;EUR;false;Hintergrundartikel aus EK_Preise_01_2026_TS-SH_HO_PL_.pdf. Thermo Kiefer Terrassendiele gebürstet
71275;Thermo;Hobelware;Glattkant;Kiefer Glattkant AB trocken;;26;140;4200;Stk;Holztreff;39,95;EUR;false;Hintergrundartikel aus EK_Preise_01_2026_TS-SH_HO_PL_.pdf. Thermo Kiefer Terrassendiele gebürstet
71276;Thermo;Hobelware;Glattkant;Kiefer Glattkant AB trocken;;26;140;5100;Stk;Holztreff;39,95;EUR;false;Hintergrundartikel aus EK_Preise_01_2026_TS-SH_HO_PL_.pdf. Thermo Kiefer Terrassendiele gebürstet
71284;Fichte;Platten;3-Schicht;3-Schichtplatte A/B 13;;2050;5000;1000;Stk;Holztreff;23,85;EUR;false;Hintergrundartikel aus EK_Preise_01_2026_TS-SH_HO_PL_.pdf. Fichte 3-Schichtplatte
70104;Fichte;Platten;3-Schicht;3-Schichtplatte AB/B 15;;2050;5000;1000;Stk;Holztreff;24,85;EUR;false;Hintergrundartikel aus EK_Preise_01_2026_TS-SH_HO_PL_.pdf. Fichte 3-Schichtplatte
71285;Fichte;Platten;3-Schicht;3-Schichtplatte A/B 19;;2050;5000;1000;Stk;Holztreff;26,95;EUR;false;Hintergrundartikel aus EK_Preise_01_2026_TS-SH_HO_PL_.pdf. Fichte 3-Schichtplatte
71286;Fichte;Platten;3-Schicht;3-Schichtplatte A/B 27;;2050;5000;1000;Stk;Holztreff;29,95;EUR;false;Hintergrundartikel aus EK_Preise_01_2026_TS-SH_HO_PL_.pdf. Fichte 3-Schichtplatte
70107;Fichte;Platten;3-Schicht;3-Schichtplatte C+/C 19;;2050;5000;1000;Stk;Holztreff;16,25;EUR;false;Hintergrundartikel aus EK_Preise_01_2026_TS-SH_HO_PL_.pdf. Fichte 3-Schichtplatte
70109;Fichte;Platten;3-Schicht;3-Schichtplatte C+/C 27;;2050;5000;1000;Stk;Holztreff;20,25;EUR;false;Hintergrundartikel aus EK_Preise_01_2026_TS-SH_HO_PL_.pdf. Fichte 3-Schichtplatte
70114;Sonstiges;Platten;3-Schicht;3-Schichtplatte A/B 19;;2050;5000;1000;Stk;Holztreff;38,95;EUR;false;Hintergrundartikel aus EK_Preise_01_2026_TS-SH_HO_PL_.pdf. Kiefer 3-Schichtplatte
71259;Laerche;Platten;3-Schicht;Lä 3-Schichtplatte AB 19;;2050;5000;1000;Stk;Holztreff;42,95;EUR;false;Hintergrundartikel aus EK_Preise_01_2026_TS-SH_HO_PL_.pdf. Heimische Lärche 3-Schichtplatte
71150;Laerche;Platten;3-Schicht;Lä 3-Schichtplatte AB 27;;2050;5000;1000;Stk;Holztreff;46,20;EUR;false;Hintergrundartikel aus EK_Preise_01_2026_TS-SH_HO_PL_.pdf. Heimische Lärche 3-Schichtplatte
70584;Sonstiges;Kantholz;Kantholz Rauh;15 625 2500;;1;64;6310;Stk;Holztreff;5,74;EUR;false;Hintergrundartikel aus EK_Preise_01_2026_TS-SH_HO_PL_.pdf. Stk. Pal.
70586;Sonstiges;Kantholz;Kantholz Rauh;18 625 2500;;1;54;7570;Stk;Holztreff;6,88;EUR;false;Hintergrundartikel aus EK_Preise_01_2026_TS-SH_HO_PL_.pdf. Stk. Pal.
70588;Sonstiges;Kantholz;Kantholz Rauh;22 625 2500;;1;44;9240;Stk;Holztreff;8,40;EUR;false;Hintergrundartikel aus EK_Preise_01_2026_TS-SH_HO_PL_.pdf. Stk. Pal.
70065;Sonstiges;Kantholz;Latten;Dach/Wandplatte N&F 15 675 2500;;1;64;9080;Stk;Holztreff;8,25;EUR;false;Hintergrundartikel aus EK_Preise_01_2026_TS-SH_HO_PL_.pdf. Stk. Pal.
70064;Sonstiges;Kantholz;Latten;Dach/Wandplatte N&F 20 612 2500;;1;47;12050;Stk;Holztreff;10,95;EUR;false;Hintergrundartikel aus EK_Preise_01_2026_TS-SH_HO_PL_.pdf. Stk. Pal.
KVH-60-80 - 300-13,0-Paket;Fichte;Kantholz;KVH;KVH NSI 60 x 80 - 300 mm;NSI;60;80 - 300;13000;Stk;Holztreff;445,00;EUR/m3;false;Hintergrundartikel aus EK_Preise_05_2025_TS_KVH.pdf. Laenge 13,0 m, Paket
KVH-60-80 - 300-13,0-Kom./Stk;Fichte;Kantholz;KVH;KVH NSI 60 x 80 - 300 mm;NSI;60;80 - 300;13000;Stk;Holztreff;455,00;EUR/m3;false;Hintergrundartikel aus EK_Preise_05_2025_TS_KVH.pdf. Laenge 13,0 m, Kom./Stk
KVH-60-80 - 300-2,5 - 18,0-Kom./Stk/Länge;Fichte;Kantholz;KVH;KVH NSI 60 x 80 - 300 mm;NSI;60;80 - 300;;Stk;Holztreff;465,00;EUR/m3;false;Hintergrundartikel aus EK_Preise_05_2025_TS_KVH.pdf. Laenge 2,5 - 18,0 m, Kom./Stk/Länge
KVH-80-80 - 300-13,0-Paket;Fichte;Kantholz;KVH;KVH NSI 80 x 80 - 300 mm;NSI;80;80 - 300;13000;Stk;Holztreff;450,00;EUR/m3;false;Hintergrundartikel aus EK_Preise_05_2025_TS_KVH.pdf. Laenge 13,0 m, Paket
KVH-80-80 - 300-13,0-Kom./Stk;Fichte;Kantholz;KVH;KVH NSI 80 x 80 - 300 mm;NSI;80;80 - 300;13000;Stk;Holztreff;460,00;EUR/m3;false;Hintergrundartikel aus EK_Preise_05_2025_TS_KVH.pdf. Laenge 13,0 m, Kom./Stk
KVH-80-80 - 300-2,5 - 18,0-Kom./Stk/Länge;Fichte;Kantholz;KVH;KVH NSI 80 x 80 - 300 mm;NSI;80;80 - 300;;Stk;Holztreff;470,00;EUR/m3;false;Hintergrundartikel aus EK_Preise_05_2025_TS_KVH.pdf. Laenge 2,5 - 18,0 m, Kom./Stk/Länge
KVH-100-100 - 300-13,0-Paket;Fichte;Kantholz;KVH;KVH NSI 100 x 100 - 300 mm;NSI;100;100 - 300;13000;Stk;Holztreff;455,00;EUR/m3;false;Hintergrundartikel aus EK_Preise_05_2025_TS_KVH.pdf. Laenge 13,0 m, Paket
KVH-100-100 - 300-13,0-Kom./Stk;Fichte;Kantholz;KVH;KVH NSI 100 x 100 - 300 mm;NSI;100;100 - 300;13000;Stk;Holztreff;465,00;EUR/m3;false;Hintergrundartikel aus EK_Preise_05_2025_TS_KVH.pdf. Laenge 13,0 m, Kom./Stk
KVH-100-100 - 300-2,5 - 18,0-Kom./Stk/Länge;Fichte;Kantholz;KVH;KVH NSI 100 x 100 - 300 mm;NSI;100;100 - 300;;Stk;Holztreff;475,00;EUR/m3;false;Hintergrundartikel aus EK_Preise_05_2025_TS_KVH.pdf. Laenge 2,5 - 18,0 m, Kom./Stk/Länge
KVH-120-120 - 280-13,0-Paket;Fichte;Kantholz;KVH;KVH NSI 120 x 120 - 280 mm;NSI;120;120 - 280;13000;Stk;Holztreff;460,00;EUR/m3;false;Hintergrundartikel aus EK_Preise_05_2025_TS_KVH.pdf. Laenge 13,0 m, Paket
KVH-120-120 - 280-13,0-Kom./Stk;Fichte;Kantholz;KVH;KVH NSI 120 x 120 - 280 mm;NSI;120;120 - 280;13000;Stk;Holztreff;470,00;EUR/m3;false;Hintergrundartikel aus EK_Preise_05_2025_TS_KVH.pdf. Laenge 13,0 m, Kom./Stk
KVH-120-120 - 280-2,5 - 18,0-Kom./Stk/Länge;Fichte;Kantholz;KVH;KVH NSI 120 x 120 - 280 mm;NSI;120;120 - 280;;Stk;Holztreff;480,00;EUR/m3;false;Hintergrundartikel aus EK_Preise_05_2025_TS_KVH.pdf. Laenge 2,5 - 18,0 m, Kom./Stk/Länge
KVH-140-140 - 280-13,0-Paket;Fichte;Kantholz;KVH;KVH NSI 140 x 140 - 280 mm;NSI;140;140 - 280;13000;Stk;Holztreff;465,00;EUR/m3;false;Hintergrundartikel aus EK_Preise_05_2025_TS_KVH.pdf. Laenge 13,0 m, Paket
KVH-140-140 - 280-13,0-Kom./Stk;Fichte;Kantholz;KVH;KVH NSI 140 x 140 - 280 mm;NSI;140;140 - 280;13000;Stk;Holztreff;475,00;EUR/m3;false;Hintergrundartikel aus EK_Preise_05_2025_TS_KVH.pdf. Laenge 13,0 m, Kom./Stk
KVH-140-140 - 280-2,5 - 18,0-Kom./Stk/Länge;Fichte;Kantholz;KVH;KVH NSI 140 x 140 - 280 mm;NSI;140;140 - 280;;Stk;Holztreff;485,00;EUR/m3;false;Hintergrundartikel aus EK_Preise_05_2025_TS_KVH.pdf. Laenge 2,5 - 18,0 m, Kom./Stk/Länge
KVH-160-160|200|280-13,0-Paket;Fichte;Kantholz;KVH;KVH NSI 160 x 160|200|280 mm;NSI;160;160|200|280;13000;Stk;Holztreff;465,00;EUR/m3;false;Hintergrundartikel aus EK_Preise_05_2025_TS_KVH.pdf. Laenge 13,0 m, Paket
KVH-160-160|200|280-13,0-Kom./Stk;Fichte;Kantholz;KVH;KVH NSI 160 x 160|200|280 mm;NSI;160;160|200|280;13000;Stk;Holztreff;475,00;EUR/m3;false;Hintergrundartikel aus EK_Preise_05_2025_TS_KVH.pdf. Laenge 13,0 m, Kom./Stk
KVH-160-160|200|280-2,5 - 18,0-Kom./Stk/Länge;Fichte;Kantholz;KVH;KVH NSI 160 x 160|200|280 mm;NSI;160;160|200|280;;Stk;Holztreff;485,00;EUR/m3;false;Hintergrundartikel aus EK_Preise_05_2025_TS_KVH.pdf. Laenge 2,5 - 18,0 m, Kom./Stk/Länge
KVH-45-145|220-13,0-Kom./Stk;Fichte;Kantholz;KVH;KVH NSI 45 x 145|220 mm;NSI;45;145|220;13000;Stk;Holztreff;445,00;EUR/m3;false;Hintergrundartikel aus EK_Preise_05_2025_TS_KVH.pdf. Laenge 13,0 m, Kom./Stk
KVH-50-100|150|200-13,0-Kom./Stk;Fichte;Kantholz;KVH;KVH NSI 50 x 100|150|200 mm;NSI;50;100|150|200;13000;Stk;Holztreff;445,00;EUR/m3;false;Hintergrundartikel aus EK_Preise_05_2025_TS_KVH.pdf. Laenge 13,0 m, Kom./Stk
KVH-70-240-13,0-Kom./Stk;Fichte;Kantholz;KVH;KVH NSI 70 x 240 mm;NSI;70;240;13000;Stk;Holztreff;445,00;EUR/m3;false;Hintergrundartikel aus EK_Preise_05_2025_TS_KVH.pdf. Laenge 13,0 m, Kom./Stk
71341;Sonstiges;Daemmungen;Pavatex;Pavatex ISOLAIR 22 mm;;22;770;2550;Stk;Pavatex;9,72;EUR/m2;false;Hintergrundartikel aus Preisliste 01_26 Pavatex.pdf. Kante N+F, 44 Stk/Pal
71342;Sonstiges;Daemmungen;Pavatex;Pavatex ISOLAIR 30 mm;;30;610;1880;Stk;Pavatex;8,52;EUR/m2;false;Hintergrundartikel aus Preisliste 01_26 Pavatex.pdf. Kante N+F, 74 Stk/Pal
71343;Sonstiges;Daemmungen;Pavatex;Pavatex ISOLAIR 35 mm;;35;610;1880;Stk;Pavatex;9,00;EUR/m2;false;Hintergrundartikel aus Preisliste 01_26 Pavatex.pdf. Kante N+F, 64 Stk/Pal
71323;Sonstiges;Daemmungen;Pavatex;Pavatex ISOLAIR 40 mm;;40;610;1880;Stk;Pavatex;10,26;EUR/m2;false;Hintergrundartikel aus Preisliste 01_26 Pavatex.pdf. Kante N+F, 56 Stk/Pal
71324;Sonstiges;Daemmungen;Pavatex;Pavatex ISOLAIR 60 mm;;60;610;1880;Stk;Pavatex;13,14;EUR/m2;false;Hintergrundartikel aus Preisliste 01_26 Pavatex.pdf. Kante N+F, 36 Stk/Pal
71325;Sonstiges;Daemmungen;Pavatex;Pavatex ISOLAIR 80 mm;;80;610;1880;Stk;Pavatex;17,70;EUR/m2;false;Hintergrundartikel aus Preisliste 01_26 Pavatex.pdf. Kante N+F, 28 Stk/Pal
71344;Sonstiges;Daemmungen;Pavatex;Pavatex ISOLAIR 60 mm;;60;770;2500;Stk;Pavatex;13,14;EUR/m2;false;Hintergrundartikel aus Preisliste 01_26 Pavatex.pdf. Kante N+F, 18 Stk/Pal
71345;Sonstiges;Daemmungen;Pavatex;Pavatex ISOLAIR 60 mm;;60;1250;2600;Stk;Pavatex;13,62;EUR/m2;false;Hintergrundartikel aus Preisliste 01_26 Pavatex.pdf. Kante N+F, 18 Stk/Pal
71346;Sonstiges;Daemmungen;Pavatex;Pavatex ISOLAIR 60 mm;;60;1250;3000;Stk;Pavatex;13,62;EUR/m2;false;Hintergrundartikel aus Preisliste 01_26 Pavatex.pdf. Kante stumpf, 18 Stk/Pal
71386;Sonstiges;Daemmungen;Pavatex;Pavatex ISOLAIR MULTI 40 mm;;40;610;1880;Stk;Pavatex;9,36;EUR/m2;false;Hintergrundartikel aus Preisliste 01_26 Pavatex.pdf. Kante N+F, 56 Stk/Pal
71387;Sonstiges;Daemmungen;Pavatex;Pavatex ISOLAIR MULTI 60 mm;;60;610;1880;Stk;Pavatex;11,94;EUR/m2;false;Hintergrundartikel aus Preisliste 01_26 Pavatex.pdf. Kante N+F, 36 Stk/Pal
71388;Sonstiges;Daemmungen;Pavatex;Pavatex ISOLAIR MULTI 80 mm;;80;610;1880;Stk;Pavatex;16,08;EUR/m2;false;Hintergrundartikel aus Preisliste 01_26 Pavatex.pdf. Kante N+F, 28 Stk/Pal
71389;Sonstiges;Daemmungen;Pavatex;Pavatex ISOLAIR MULTI 100 mm;;100;610;1880;Stk;Pavatex;18,60;EUR/m2;false;Hintergrundartikel aus Preisliste 01_26 Pavatex.pdf. Kante N+F, 22 Stk/Pal
71390;Sonstiges;Daemmungen;Pavatex;Pavatex ISOLAIR MULTI 120 mm;;120;610;1880;Stk;Pavatex;22,32;EUR/m2;false;Hintergrundartikel aus Preisliste 01_26 Pavatex.pdf. Kante N+F, 18 Stk/Pal
71391;Sonstiges;Daemmungen;Pavatex;Pavatex ISOLAIR MULTI 140 mm;;140;610;1880;Stk;Pavatex;26,04;EUR/m2;false;Hintergrundartikel aus Preisliste 01_26 Pavatex.pdf. Kante N+F, 16 Stk/Pal
71392;Sonstiges;Daemmungen;Pavatex;Pavatex ISOLAIR MULTI 160 mm;;160;610;1880;Stk;Pavatex;29,76;EUR/m2;false;Hintergrundartikel aus Preisliste 01_26 Pavatex.pdf. Kante N+F, 14 Stk/Pal
71393;Sonstiges;Daemmungen;Pavatex;Pavatex ISOLAIR MULTI 180 mm;;180;610;1880;Stk;Pavatex;33,48;EUR/m2;false;Hintergrundartikel aus Preisliste 01_26 Pavatex.pdf. Kante N+F, 12 Stk/Pal
71394;Sonstiges;Daemmungen;Pavatex;Pavatex ISOLAIR MULTI 200 mm;;200;610;1880;Stk;Pavatex;37,20;EUR/m2;false;Hintergrundartikel aus Preisliste 01_26 Pavatex.pdf. Kante N+F, 10 Stk/Pal
71395;Sonstiges;Daemmungen;Pavatex;Pavatex ISOLAIR ECO 60 mm;;60;610;1880;Stk;Pavatex;11,38;EUR/m2;false;Hintergrundartikel aus Preisliste 01_26 Pavatex.pdf. Kante N+F, 36 Stk/Pal
71396;Sonstiges;Daemmungen;Pavatex;Pavatex ISOLAIR ECO 80 mm;;80;610;1880;Stk;Pavatex;15,17;EUR/m2;false;Hintergrundartikel aus Preisliste 01_26 Pavatex.pdf. Kante N+F, 28 Stk/Pal
71361;Sonstiges;Daemmungen;Pavatex;Pavatex ISOLAIR ECO 100 mm;;100;610;1880;Stk;Pavatex;17,04;EUR/m2;false;Hintergrundartikel aus Preisliste 01_26 Pavatex.pdf. Kante N+F, 22 Stk/Pal
71362;Sonstiges;Daemmungen;Pavatex;Pavatex ISOLAIR ECO 120 mm;;120;610;1880;Stk;Pavatex;20,46;EUR/m2;false;Hintergrundartikel aus Preisliste 01_26 Pavatex.pdf. Kante N+F, 18 Stk/Pal
71363;Sonstiges;Daemmungen;Pavatex;Pavatex ISOLAIR ECO 140 mm;;140;610;1880;Stk;Pavatex;23,86;EUR/m2;false;Hintergrundartikel aus Preisliste 01_26 Pavatex.pdf. Kante N+F, 16 Stk/Pal
71364;Sonstiges;Daemmungen;Pavatex;Pavatex ISOLAIR ECO 160 mm;;160;610;1880;Stk;Pavatex;27,26;EUR/m2;false;Hintergrundartikel aus Preisliste 01_26 Pavatex.pdf. Kante N+F, 14 Stk/Pal
71365;Sonstiges;Daemmungen;Pavatex;Pavatex ISOLAIR ECO 180 mm;;180;610;1880;Stk;Pavatex;30,67;EUR/m2;false;Hintergrundartikel aus Preisliste 01_26 Pavatex.pdf. Kante N+F, 12 Stk/Pal
71366;Sonstiges;Daemmungen;Pavatex;Pavatex ISOLAIR ECO 200 mm;;200;610;1880;Stk;Pavatex;34,08;EUR/m2;false;Hintergrundartikel aus Preisliste 01_26 Pavatex.pdf. Kante N+F, 10 Stk/Pal
71331;Sonstiges;Daemmungen;Pavatex;Pavatex PAVAFLEX Confort 36 50 mm;;50;575;1220;Stk;Pavatex;3,98;EUR/m2;false;Hintergrundartikel aus Preisliste 01_26 Pavatex.pdf. Kante stumpf, 90 Stk/Pal
71332;Sonstiges;Daemmungen;Pavatex;Pavatex PAVAFLEX Confort 36 60 mm;;60;575;1220;Stk;Pavatex;4,77;EUR/m2;false;Hintergrundartikel aus Preisliste 01_26 Pavatex.pdf. Kante stumpf, 80 Stk/Pal
71333;Sonstiges;Daemmungen;Pavatex;Pavatex PAVAFLEX Confort 36 80 mm;;80;575;1220;Stk;Pavatex;6,36;EUR/m2;false;Hintergrundartikel aus Preisliste 01_26 Pavatex.pdf. Kante stumpf, 60 Stk/Pal
71334;Sonstiges;Daemmungen;Pavatex;Pavatex PAVAFLEX Confort 36 100 mm;;100;575;1220;Stk;Pavatex;7,95;EUR/m2;false;Hintergrundartikel aus Preisliste 01_26 Pavatex.pdf. Kante stumpf, 48 Stk/Pal
71335;Sonstiges;Daemmungen;Pavatex;Pavatex PAVAFLEX Confort 36 120 mm;;120;575;1220;Stk;Pavatex;9,54;EUR/m2;false;Hintergrundartikel aus Preisliste 01_26 Pavatex.pdf. Kante stumpf, 40 Stk/Pal
71336;Sonstiges;Daemmungen;Pavatex;Pavatex PAVAFLEX Confort 36 140 mm;;140;575;1220;Stk;Pavatex;11,13;EUR/m2;false;Hintergrundartikel aus Preisliste 01_26 Pavatex.pdf. Kante stumpf, 32 Stk/Pal
71337;Sonstiges;Daemmungen;Pavatex;Pavatex PAVAFLEX Confort 36 160 mm;;160;575;1220;Stk;Pavatex;12,72;EUR/m2;false;Hintergrundartikel aus Preisliste 01_26 Pavatex.pdf. Kante stumpf, 30 Stk/Pal
71338;Sonstiges;Daemmungen;Pavatex;Pavatex PAVAFLEX Confort 36 180 mm;;180;575;1220;Stk;Pavatex;14,31;EUR/m2;false;Hintergrundartikel aus Preisliste 01_26 Pavatex.pdf. Kante stumpf, 24 Stk/Pal
71339;Sonstiges;Daemmungen;Pavatex;Pavatex PAVAFLEX Confort 36 200 mm;;200;575;1220;Stk;Pavatex;15,90;EUR/m2;false;Hintergrundartikel aus Preisliste 01_26 Pavatex.pdf. Kante stumpf, 24 Stk/Pal
71340;Sonstiges;Daemmungen;Pavatex;Pavatex PAVAFLEX Confort 36 220 mm;;220;575;1220;Stk;Pavatex;17,49;EUR/m2;false;Hintergrundartikel aus Preisliste 01_26 Pavatex.pdf. Kante stumpf, 20 Stk/Pal
71377;Sonstiges;Daemmungen;Pavatex;Pavatex Laibungsplatte 30 mm;;30;600;1100;Stk;Pavatex;12,24;EUR/m2;false;Hintergrundartikel aus Preisliste 01_26 Pavatex.pdf. Kante stumpf, 144 Stk/Pal
71378;Sonstiges;Daemmungen;Pavatex;Pavatex Laibungsplatte 40 mm;;40;600;1100;Stk;Pavatex;12,72;EUR/m2;false;Hintergrundartikel aus Preisliste 01_26 Pavatex.pdf. Kante stumpf, 112 Stk/Pal
71347;Sonstiges;Daemmungen;Pavatex;Pavatex Pavawall Bloc 120 mm;;120;400;600;Stk;Pavatex;20,04;EUR/m2;false;Hintergrundartikel aus Preisliste 01_26 Pavatex.pdf. Kante stumpf, 54 Stk/Pal
71348;Sonstiges;Daemmungen;Pavatex;Pavatex Pavawall Bloc 140 mm;;140;400;600;Stk;Pavatex;23,40;EUR/m2;false;Hintergrundartikel aus Preisliste 01_26 Pavatex.pdf. Kante stumpf, 48 Stk/Pal
71349;Sonstiges;Daemmungen;Pavatex;Pavatex Pavawall Bloc 160 mm;;160;400;600;Stk;Pavatex;26,88;EUR/m2;false;Hintergrundartikel aus Preisliste 01_26 Pavatex.pdf. Kante stumpf, 42 Stk/Pal
71350;Sonstiges;Daemmungen;Pavatex;Pavatex Pavawall Bloc 180 mm;;180;400;600;Stk;Pavatex;30,12;EUR/m2;false;Hintergrundartikel aus Preisliste 01_26 Pavatex.pdf. Kante stumpf, 36 Stk/Pal
71351;Sonstiges;Daemmungen;Pavatex;Pavatex Pavawall Bloc 200 mm;;200;400;600;Stk;Pavatex;33,36;EUR/m2;false;Hintergrundartikel aus Preisliste 01_26 Pavatex.pdf. Kante stumpf, 30 Stk/Pal
71352;Sonstiges;Daemmungen;Pavatex;Pavatex Pavawall Bloc 220 mm;;220;400;600;Stk;Pavatex;36,72;EUR/m2;false;Hintergrundartikel aus Preisliste 01_26 Pavatex.pdf. Kante stumpf, 30 Stk/Pal
71353;Sonstiges;Daemmungen;Pavatex;Pavatex Pavawall Bloc 240 mm;;240;400;600;Stk;Pavatex;40,08;EUR/m2;false;Hintergrundartikel aus Preisliste 01_26 Pavatex.pdf. Kante stumpf, 24 Stk/Pal
71370;Sonstiges;Daemmungen;Pavatex;Pavatex Pavawall GF XL 80 mm;;80;610;1880;Stk;Pavatex;13,44;EUR/m2;false;Hintergrundartikel aus Preisliste 01_26 Pavatex.pdf. Kante N+F, 28 Stk/Pal
71371;Sonstiges;Daemmungen;Pavatex;Pavatex Pavawall GF XL 100 mm;;100;610;1880;Stk;Pavatex;16,68;EUR/m2;false;Hintergrundartikel aus Preisliste 01_26 Pavatex.pdf. Kante N+F, 22 Stk/Pal
71372;Sonstiges;Daemmungen;Pavatex;Pavatex Pavawall GF XL 120 mm;;120;610;1880;Stk;Pavatex;20,04;EUR/m2;false;Hintergrundartikel aus Preisliste 01_26 Pavatex.pdf. Kante N+F, 18 Stk/Pal
71373;Sonstiges;Daemmungen;Pavatex;Pavatex Pavawall GF XL 140 mm;;140;610;1880;Stk;Pavatex;23,40;EUR/m2;false;Hintergrundartikel aus Preisliste 01_26 Pavatex.pdf. Kante N+F, 16 Stk/Pal
71374;Sonstiges;Daemmungen;Pavatex;Pavatex Pavawall GF XL 160 mm;;160;610;1880;Stk;Pavatex;26,88;EUR/m2;false;Hintergrundartikel aus Preisliste 01_26 Pavatex.pdf. Kante N+F, 14 Stk/Pal
71354;Sonstiges;Daemmungen;Pavatex;Pavatex Pavatherm 40 mm;;40;600;1100;Stk;Pavatex;7,56;EUR/m2;false;Hintergrundartikel aus Preisliste 01_26 Pavatex.pdf. Kante stumpf, 112 Stk/Pal
71355;Sonstiges;Daemmungen;Pavatex;Pavatex Pavatherm 60 mm;;60;600;1100;Stk;Pavatex;8,88;EUR/m2;false;Hintergrundartikel aus Preisliste 01_26 Pavatex.pdf. Kante stumpf, 72 Stk/Pal
71356;Sonstiges;Daemmungen;Pavatex;Pavatex Pavatherm 80 mm;;80;600;1100;Stk;Pavatex;11,82;EUR/m2;false;Hintergrundartikel aus Preisliste 01_26 Pavatex.pdf. Kante stumpf, 56 Stk/Pal
71357;Sonstiges;Daemmungen;Pavatex;Pavatex Pavatherm 100 mm;;100;600;1100;Stk;Pavatex;14,76;EUR/m2;false;Hintergrundartikel aus Preisliste 01_26 Pavatex.pdf. Kante stumpf, 44 Stk/Pal
71358;Sonstiges;Daemmungen;Pavatex;Pavatex Pavatherm 120 mm;;120;600;1100;Stk;Pavatex;17,76;EUR/m2;false;Hintergrundartikel aus Preisliste 01_26 Pavatex.pdf. Kante stumpf, 36 Stk/Pal
71359;Sonstiges;Daemmungen;Pavatex;Pavatex Pavatherm 140 mm;;140;600;1100;Stk;Pavatex;20,64;EUR/m2;false;Hintergrundartikel aus Preisliste 01_26 Pavatex.pdf. Kante stumpf, 32 Stk/Pal
71360;Sonstiges;Daemmungen;Pavatex;Pavatex Pavatherm 160 mm;;160;600;1100;Stk;Pavatex;23,64;EUR/m2;false;Hintergrundartikel aus Preisliste 01_26 Pavatex.pdf. Kante stumpf, 28 Stk/Pal
