Name;Artikelnummer;QR-/Barcode;Kategorie;Einheit;Bestand;Mindestbestand;Lagerort;Lieferant;Notiz
"Terrassenschrauben 4-5mm T-Kopf, Torx, Edelstahl gehaertet, CE (4,0 x 40 mm)";"70111-4040";"70111-4040";"Befestigungsmittel";"Stk";"400";"0";"";"WITEC";"Aus Rechnungsbildern uebernommen"
"Terrassenschrauben 4-5mm T-Kopf, Torx, Edelstahl gehaertet, CE (4,0 x 50 mm)";"70111-4050";"70111-4050";"Befestigungsmittel";"Stk";"3000";"0";"";"WITEC";"Aus Rechnungsbildern uebernommen"
"Terrassenschrauben 4-5mm T-Kopf, Torx, Edelstahl gehaertet, CE (5,0 x 60 mm)";"70111-5060";"70111-5060";"Befestigungsmittel";"Stk";"2400";"0";"";"WITEC";"Aus Rechnungsbildern uebernommen"
"Terrassenschrauben 4-5mm T-Kopf, Torx, Edelstahl gehaertet, CE (5,0 x 80 mm)";"70111-5080";"70111-5080";"Befestigungsmittel";"Stk";"4800";"0";"";"WITEC";"Aus Rechnungsbildern uebernommen"
"Holzbau Spanplattenschrauben 4-5mm Torx, verzinkt, ETA geprueft (4,0 x 40 mm)";"71000-4040";"71000-4040";"Befestigungsmittel";"Stk";"2000";"0";"";"WITEC";"Aus Rechnungsbildern uebernommen"
"Holzbau Spanplattenschrauben 4-5mm Torx, verzinkt, ETA geprueft (5,0 x 60 mm)";"71000-5060";"71000-5060";"Befestigungsmittel";"Stk";"1000";"0";"";"WITEC";"Aus Rechnungsbildern uebernommen"
"Holzbau Spanplattenschrauben 4-5mm Torx, verzinkt, ETA geprueft (5,0 x 80 mm)";"71000-5080";"71000-5080";"Befestigungsmittel";"Stk";"2400";"0";"";"WITEC";"Aus Rechnungsbildern uebernommen"
"Holzbauschrauben Senkkopf 6mm Torx, verzinkt, ETA geprueft (6,0 x 70 mm)";"78000-6070";"78000-6070";"Befestigungsmittel";"Stk";"600";"0";"";"WITEC";"Aus Rechnungsbildern uebernommen"
"Holzbauschrauben Senkkopf 6mm Torx, verzinkt, ETA geprueft (6,0 x 100 mm)";"78000-60100";"78000-60100";"Befestigungsmittel";"Stk";"3200";"0";"";"WITEC";"Aus Rechnungsbildern uebernommen"
"Holzbauschrauben Senkkopf 6mm Torx, verzinkt, ETA geprueft (6,0 x 120 mm)";"78000-60120";"78000-60120";"Befestigungsmittel";"Stk";"3600";"0";"";"WITEC";"Aus Rechnungsbildern uebernommen"
"Holzbauschrauben Senkkopf 6mm Torx, verzinkt, ETA geprueft (6,0 x 140 mm)";"78000-60140";"78000-60140";"Befestigungsmittel";"Stk";"2400";"0";"";"WITEC";"Aus Rechnungsbildern uebernommen"
"Holzbauschrauben Tellerkopf 6mm Torx, verzinkt, ETA geprueft (6,0 x 120 mm)";"77000-60120";"77000-60120";"Befestigungsmittel";"Stk";"1200";"0";"";"WITEC";"Aus Rechnungsbildern uebernommen"
"Holzbauschrauben Tellerkopf 6mm Torx, verzinkt, ETA geprueft (6,0 x 140 mm)";"77000-60140";"77000-60140";"Befestigungsmittel";"Stk";"1600";"0";"";"WITEC";"Aus Rechnungsbildern uebernommen"
"Holzbauschrauben Senkkopf 8mm Torx, verzinkt, ETA geprueft (8,0 x 200 mm)";"79000-80200";"79000-80200";"Befestigungsmittel";"Stk";"400";"0";"";"WITEC";"Aus Rechnungsbildern uebernommen"
"Holzbauschrauben Senkkopf 8mm Torx, verzinkt, ETA geprueft (8,0 x 240 mm)";"79000-80240";"79000-80240";"Befestigungsmittel";"Stk";"300";"0";"";"WITEC";"Aus Rechnungsbildern uebernommen"
"Holzbauschrauben Tellerkopf 8mm Torx, verzinkt, ETA geprueft (8,0 x 200 mm)";"76000-80200";"76000-80200";"Befestigungsmittel";"Stk";"700";"0";"";"WITEC";"Aus Rechnungsbildern uebernommen"
"Holzbauschrauben Tellerkopf 8mm Torx, verzinkt, ETA geprueft (8,0 x 220 mm)";"76000-80220";"76000-80220";"Befestigungsmittel";"Stk";"400";"0";"";"WITEC";"Aus Rechnungsbildern uebernommen"
"Holzbauschrauben Tellerkopf 8mm Torx, verzinkt, ETA geprueft (8,0 x 260 mm)";"76000-80260";"76000-80260";"Befestigungsmittel";"Stk";"1400";"0";"";"WITEC";"Aus Rechnungsbildern uebernommen"
"Vollgewindeschrauben Zylinderkopf (8,0 x 280 mm)";"72000-80280";"72000-80280";"Befestigungsmittel";"Stk";"300";"0";"";"WITEC";"Aus Rechnungsbildern uebernommen"
"Vollgewindeschrauben Zylinderkopf (8,0 x 360 mm)";"72000-80360";"72000-80360";"Befestigungsmittel";"Stk";"300";"0";"";"WITEC";"Aus Rechnungsbildern uebernommen"
"Vollgewindeschrauben Zylinderkopf (8,0 x 400 mm)";"72000-80400";"72000-80400";"Befestigungsmittel";"Stk";"50";"0";"";"WITEC";"Aus Rechnungsbildern uebernommen"
"Vollgewindeschraube Senkkopf 10mm TX50 (10,0 x 120 mm)";"70041-100120";"70041-100120";"Befestigungsmittel";"Stk";"100";"0";"";"WITEC";"Aus Rechnungsbildern uebernommen"
"Tellerkopfschraube fuer Daemmplatten Edelstahl A2 TX (6,0 x 80 mm)";"75000-A2-6080";"75000-A2-6080";"Befestigungsmittel";"Stk";"500";"0";"";"WITEC";"Aus Rechnungsbildern uebernommen"
"Ankerbolzen / Blitzanker M2 kleine Scheibe verzinkt (10,0 x 95 mm)";"70089-10095";"70089-10095";"Befestigungsmittel";"Stk";"300";"0";"";"WITEC";"Aus Rechnungsbildern uebernommen"
"Ankerbolzen / Blitzanker M2 kleine Scheibe verzinkt (12,0 x 220 mm)";"70089-120220";"70089-120220";"Befestigungsmittel";"Stk";"100";"0";"";"WITEC";"Aus Rechnungsbildern uebernommen"
"Schraubanker Betonschraube WICOAT Sechskantkopf mit Scheibe (10,5 x 90 mm)";"70090-10590";"70090-10590";"Befestigungsmittel";"Stk";"150";"0";"";"WITEC";"Aus Rechnungsbildern uebernommen"
"Stauchkopfnaegel BGN Verzinkt (40 mm)";"BGN-40";"BGN-40";"Befestigungsmittel";"Stk";"10000";"0";"";"WITEC";"Aus Rechnungsbildern uebernommen"
"Nagelrollen Coilnaegel Drahtgebunden 16 Grad Ring Blank (2,8 x 42 mm)";"C16R-2842";"C16R-2842";"Befestigungsmittel";"Stk";"9000";"0";"";"WITEC";"Aus Rechnungsbildern uebernommen"
"Nagelrollen Coilnaegel Drahtgebunden 16 Grad Ring Blank (2,8 x 70 mm)";"C16R-2870";"C16R-2870";"Befestigungsmittel";"Stk";"30000";"0";"";"WITEC";"Aus Rechnungsbildern uebernommen"
"Nagelstreifen Papier Ring Blank 34 Grad (2,8 x 70 mm)";"NP34R-2870";"NP34R-2870";"Befestigungsmittel";"Stk";"20000";"0";"";"WITEC";"Aus Rechnungsbildern uebernommen"
"Klammern KB7 Verzinkt, ETA 18/0879 (44 mm)";"KB7-44";"KB7-44";"Befestigungsmittel";"Stk";"10000";"0";"";"WITEC";"Aus Rechnungsbildern uebernommen"
"Winkelverbinder mit Rippe (105 x 105 x 90 x 3,0 mm)";"WVR-105105";"WVR-105105";"Befestigungsmittel";"Stk";"240";"0";"";"WITEC";"Aus Rechnungsbildern uebernommen"
"WITEC FULLCONTACT OUTDOOR 60mm Breit";"19209";"19209";"Material";"Stk";"20";"0";"";"WITEC";"Aus Rechnungsbildern uebernommen"
"WITEC FULLCONTACT FC60 Luftdicht Klebeband fuer Innen und Aussen";"19201";"19201";"Material";"Stk";"20";"0";"";"WITEC";"Aus Rechnungsbildern uebernommen"
"WITEC FULLCONTACT KLEBT UND DICHTET";"19224";"19224";"Material";"Stk";"12";"0";"";"WITEC";"Aus Rechnungsbildern uebernommen"
"Fullcontact Dicht Kleber Flex, Innen- und Aussen";"19207";"19207";"Material";"Stk";"12";"0";"";"WITEC";"Aus Rechnungsbildern uebernommen"
"WI300 Injektionsmoertel";"70162";"70162";"Material";"Stk";"15";"0";"";"WITEC";"Aus Rechnungsbildern uebernommen"
"WITEC Fassadenbahn Superwall X, dauerhaft UV-stabil, 200 Gramm, 2 Klebestreifen";"19401";"19401";"Material";"m2";"300";"0";"";"WITEC";"Aus Rechnungsbildern uebernommen"
"WITEC Allweather Unlimited Unterdeckbahn 350 Gramm, erhoehte Regensicherheit, 1,5 x 25 Meter, 2 Klebestreifen";"19105";"19105";"Material";"m2";"75";"0";"";"WITEC";"Aus Rechnungsbildern uebernommen"
"WITEC ALL WEATHER S Unterdeckbahn 340 Gramm, erhoehte Regensicherheit, 1,5 x 25 m, 2 Acrylklebestreifen";"19109";"19109";"Material";"m2";"75";"0";"";"WITEC";"Aus Rechnungsbildern uebernommen"
"WITEC SEAL Bitumenbahn Dampfsperre selbstklebend";"19110";"19110";"Material";"m2";"50";"0";"";"WITEC";"Aus Rechnungsbildern uebernommen"
"Abdeckplane PRO, 180 Gramm, 10 x 12 Meter";"19703";"19703";"Material";"Stk";"2";"0";"";"WITEC";"Aus Rechnungsbildern uebernommen"
"Steico Zell Holzfaser Daemmung zum Einblasen";"22001";"22001";"Material";"Stk";"1110";"0";"";"WITEC";"Aus Rechnungsbildern uebernommen"
"Kompressor BeA KV350-15, 230 Volt";"50030";"50030";"Werkzeug";"Stk";"1";"0";"";"WITEC";"Aus Rechnungsbildern uebernommen"
"Ersatzteil Bohrfutter NEU zu M18FPD2 und M18FPD3";"4932478806";"4932478806";"Werkzeug";"Stk";"2";"0";"";"WITEC";"Aus Rechnungsbildern uebernommen"
